,Title,Distributor,AvgPerShow$,Net$,Gross$,Admissions,NumberShows,vote_average,popularity,adult,release_date,original_language,revenue,runtime,budget
0,100 YEAR OLD MAN,Music Box Films,71.19,2150.08,2278.0,247,31.99887624666386,0.0,0.6,False,2018-02-18,nl,0.0,0.0,0.0
1,12 YEARS A SLAVE,Fox Searchlight,114.52,12964.87,13972.0,1647,122.00488997555013,7.951,33.867,False,2013-10-18,en,187000000.0,134.0,20000000.0
2,127 HOURS,Fox Searchlight,99.27,10025.95,10622.0,1297,107.00110808905006,7.059,30.055,False,2010-11-12,en,35692920.0,94.0,18000000.0
3,2017 OSCAR ANIMATED SHORT,,82.8,390.54,414.0,46,5.0,,,,,,,,
4,2017 OSCAR DOC SHORT A,,76.6,361.58,383.0,43,5.0,,,,,,,,
5,2017 OSCAR DOC SHORT B,,52.71,348.09,369.0,41,7.000569151963574,,,,,,,,
6,2017 OSCAR LIVE ACT SHORT,,85.6,404.03,428.0,48,5.0,,,,,,,,
7,20TH CENTURY WOMEN,A24,118.38,3351.43,3551.5,389,30.000844737286705,7.345,18.55,False,2016-12-28,en,5664764.0,119.0,7000000.0
8,42,WARNER BROS.,115.12,7992.45,8634.0,1004,75.0,0.0,0.6,False,,es,0.0,0.0,0.0
9,45 YEARS,IFC,114.74,7472.88,7917.0,868,68.99947707861251,0.0,0.6,False,2008-06-10,en,0.0,76.0,0.0
10,5 FLIGHTS UP,Focus Features,92.15,9304.87,9860.5,1074,107.00488334237656,6.0,8.546,False,2014-09-05,en,1020921.0,92.0,6000000.0
11,50/50,Summit Entertainment,78.74,6842.16,7244.5,894,92.00533401066802,0.0,0.6,False,2017-06-27,ja,0.0,0.0,0.0
12,71,roadside attractions,80.47,3795.26,4023.5,430,50.0,0.0,0.6,False,2016-10-16,en,0.0,0.0,0.0
13,99 HOMES,Broadgreen Pictures,46.04,1565.1,1657.5,181,36.00130321459601,6.753,10.67,False,2015-09-25,en,1411927.0,112.0,8000000.0
14,A BETTER LIFE,,71.22,3228.04,3418.5,433,47.99915754001685,0.0,0.6,False,2000-11-16,en,0.0,12.0,0.0
15,A BIGGER SPLASH,FOX,72.34,1981.12,2098.0,228,29.001935305501796,0.0,0.6,False,2010-08-16,en,0.0,5.0,0.0
16,A BRILLIANT YOUNG MIND,IDP,47.75,1532.45,1623.5,176,34.0,6.703,8.88,False,2014-03-13,en,0.0,111.0,0.0
17,A DANGEROUS METHOD,SPC,127.11,4887.79,5211.5,645,40.999921327983635,0.0,2.017,False,2022-04-01,en,0.0,78.0,0.0
18,A DIFFERENT DRUMMER,FILMFEST 52,360.0,679.02,720.0,74,2.0,0.0,0.6,False,,en,0.0,28.0,0.0
19,A FIVE STAR LIFE,Music Box Films,78.65,2294.72,2438.0,297,30.99809281627463,5.737,6.58,False,2013-04-24,it,0.0,85.0,0.0
20,A LATE QUARTET,,94.51,3764.45,4064.0,494,43.00074066236377,2.0,0.916,False,2013-02-05,en,0.0,8.0,0.0
21,A MAN CALLED OVE,Music Box,168.79,13059.71,13841.0,1495,82.00130339475088,7.601,11.802,False,2015-12-25,sv,30692889.0,116.0,0.0
22,A MOST WANTED MAN,roadside attractions,177.15,13161.0,13995.0,1652,79.0008467400508,6.3,1.143,False,1953-12-02,fr,0.0,105.0,0.0
23,A QUIET PASSION,Music Box,92.69,4461.71,4727.0,521,50.99795015643543,6.1,9.447,False,2016-10-07,en,1864266.0,125.0,8138338.0
24,A SEPARATION,SPC,144.6,8299.0,8965.0,1074,61.99861687413555,0.0,0.6,False,2008-10-10,tr,0.0,0.0,0.0
25,A SINGLE MAN,weinstein,156.96,5781.4,6121.5,805,39.00038226299694,2.0,0.6,False,1974-07-19,ko,0.0,85.0,0.0
26,A TOUCH OF SIN,,146.0,135.8,146.0,18,1.0,7.204,12.528,False,2013-10-04,zh,154120.0,131.0,0.0
27,A WALK IN THE WOODS,Broadgreen Pictures,109.18,9272.1,9826.5,1065,90.00274775599927,0.0,0.6,False,2021-03-27,it,0.0,35.0,0.0
28,ABOUT TIME,Universal Pictures,105.02,4763.05,5146.0,599,49.00019043991621,0.0,0.6,False,2006-01-01,sv,0.0,6.0,0.0
29,ABSOLUTELY FABULOUS,FOX,119.5,7779.48,8245.5,876,69.0,4.977,3.893,False,2001-08-29,fr,0.0,105.0,0.0
30,ACAD AWARD ANIMATED SHORT,,181.0,340.13,362.0,39,2.0,,,,,,,,
31,ACADEMY AWARD NOM DOCS,,172.0,161.68,172.0,19,1.0,,,,,,,,
32,ACADEMY AWARD NOM SHORTS,,170.0,314.5,340.0,38,2.0,,,,,,,,
33,ADJUSTMENT BUREAU,Universal Pictures,99.6,9499.96,10059.5,1237,100.99899598393574,6.717,17.954,False,2011-03-03,en,127869379.0,106.0,50200000.0
34,ADMISSION,Focus Features,83.82,6908.0,7460.0,874,89.00023860653782,0.0,1.091,False,1953-01-01,en,0.0,23.0,0.0
35,ALBERT NOBBS,roadside attractions,150.2,7521.87,7960.5,1031,52.999334221038616,6.299,12.475,False,2011-12-21,en,5634828.0,113.0,8000000.0
36,ALICE IN WONDERLAND,Disney,70.37,5049.96,5348.0,662,75.99829472786698,0.0,0.6,False,,en,0.0,0.0,0.0
37,ALL GOOD THINGS,Magnolia,52.12,2954.56,3127.0,401,59.996162701458175,10.0,0.693,False,2020-11-15,en,0.0,3.0,100.0
38,ALL IS LOST,roadside attractions,98.15,6452.7,6969.0,828,71.00356597045338,0.0,0.6,False,,en,0.0,0.0,0.0
39,ALLIED,paramount,110.76,7527.01,7975.0,864,72.00252798844348,0.0,0.6,False,2014-11-07,en,0.0,0.0,0.0
40,ALOHA,SONY,37.43,2118.75,2245.5,239,59.99198503873898,6.0,0.6,False,1942-01-02,en,0.0,8.0,0.0
41,AMERICAN HUSTLE,SONY,239.76,34610.35,37402.0,4335,155.99766433099768,6.7,6.281,False,2007-01-01,en,0.0,90.0,0.0
42,AMERICAN SNIPER,WARNER BROS.,168.06,22196.1,23529.0,2493,140.0035701535166,7.0,1.579,False,2010-01-09,en,0.0,88.0,0.0
43,AMOUR,SPC,93.91,9391.1,10142.0,1235,107.9970184218933,6.0,8.001,False,2018-10-10,fr,1399479.0,0.0,495343.0
44,AMY,A24,121.72,7118.82,7546.5,783,61.99884981925731,5.2,0.6,False,1979-11-07,en,0.0,34.0,0.0
45,AN EDUCATION,SPC,101.47,7284.66,7712.0,985,76.00275943628658,5.7,7.703,False,2015-08-21,en,0.0,90.0,0.0
46,AN INCONVENIENT SEQUEL,paramount,49.37,2470.85,2616.5,288,52.99777192627102,6.7,8.95,False,2017-07-28,en,5398976.0,100.0,1000000.0
47,ANNA KARENINA,Focus Features,180.32,18530.55,20016.0,2388,111.00266193433896,6.0,0.6,False,1975-10-18,ru,0.0,75.0,0.0
48,ANOTHER EARTH,Fox Searchlight,64.76,2324.64,2461.0,303,38.00185299567634,0.0,0.6,False,2012-03-20,en,0.0,52.0,0.0
49,ANOTHER YEAR,SPC,100.14,8419.48,8912.5,1143,89.0003994407829,5.167,0.6,False,2014-01-15,ru,0.0,107.0,0.0
50,ANTHROPOID,BLEECKER STREET,86.91,4428.07,4693.0,510,53.998389138188934,7.1,0.6,False,2014-01-10,fr,0.0,78.0,0.0
51,ARBITRAGE,roadside attractions,146.59,23610.3,25506.0,3021,173.99549764649703,0.0,0.6,False,2015-10-18,nl,0.0,15.0,0.0
52,ARGO,WARNER BROS.,189.35,37852.95,40899.0,4717,215.99683126485345,5.0,0.6,False,1990-06-15,en,0.0,90.0,0.0
53,ARRIVAL,paramount,110.51,9175.11,9724.5,1028,87.99656139715863,8.0,0.6,False,2017-11-04,en,0.0,17.0,70000.0
54,AT ANY PRICE,SPC,38.2,883.75,955.0,112,24.999999999999996,0.0,0.6,False,1968-09-10,it,0.0,94.0,0.0
55,AUGUST OSAGE COUNTY,weinstein,203.73,12636.0,13650.0,1632,67.00044176115448,6.865,15.284,False,2013-12-26,en,74188937.0,121.0,25000000.0
56,AUGUSTINE,,291.0,269.55,291.0,34,1.0,10.0,1.001,False,2018-07-27,en,0.0,80.0,0.0
57,AUSTENLAND,SPC,86.81,2893.25,3125.0,366,35.99815689436701,6.424,7.893,False,2013-08-15,en,2159041.0,97.0,4900000.0
58,BABIES,Focus Features,96.14,5083.68,5384.0,679,56.00166423965051,5.7,0.6,False,1924-10-11,en,0.0,85.0,0.0
59,BARNEYS VERSION,SPC,118.74,7401.8,7837.0,992,66.00134748189322,7.102,11.59,False,2010-10-26,en,8454301.0,134.0,30000000.0
60,BATTLE OF THE SEXES,FOX,90.83,3515.65,3724.0,404,40.999669712650004,6.0,1.4,False,2019-04-28,de,0.0,52.0,0.0
61,BEASTS OF SOUTHERN WILD,Fox Searchlight,116.06,22241.5,24025.0,2838,207.0049974151301,6.827,10.744,False,2012-06-29,en,21107746.0,93.0,1800000.0
62,BEATRIZ AT DINNER,roadside attractions,83.56,9463.98,10027.5,1082,120.00359023456198,5.9,9.893,False,2017-06-09,en,7.0,83.0,0.0
63,BEFORE MIDNIGHT,SPC,113.4,9550.7,10319.0,1221,90.99647266313933,0.0,0.757,False,2022-04-26,fr,0.0,53.0,0.0
64,BEGIN AGAIN,weinstein,113.08,15422.48,16397.0,1927,145.00353731871243,7.049,9.315,False,2006-10-20,hi,15000000.0,178.0,5000000.0
65,BEGINNERS,Focus Features,118.05,10262.19,10861.0,1379,92.00338839474799,0.0,0.6,False,,en,0.0,0.0,0.0
66,BEGUILED,Focus Features,67.09,6329.57,6708.5,723,99.9925473244895,0.0,0.6,False,1986-07-17,ja,0.0,16.0,0.0
67,BEING FLYNN,Focus Features,76.2,4303.15,4648.0,547,60.99737532808399,6.208,10.513,False,2012-03-02,en,540152.0,102.0,0.0
68,BELLE,Fox Searchlight,123.23,13441.8,14295.0,1714,116.00259677026698,5.2,4.182,False,1999-03-10,fr,0.0,102.0,0.0
69,BERNIE,Millenium Entertainment,101.65,14213.95,15349.0,1815,150.9985243482538,0.0,0.883,False,2016-04-27,en,0.0,43.0,0.0
70,BEST EXOTIC MARIGOLD HOTE,Fox Searchlight,205.23,68758.9,74293.0,8829,361.99873312868493,6.4,13.884,False,2015-02-26,en,85978266.0,122.0,10000000.0
71,BEST OF ENEMIES,Magnolia,66.08,2619.89,2775.5,301,42.0021186440678,2.0,2.442,False,2013-05-01,en,0.0,84.0,0.0
72,BILL CUNNINGHAMS NEW YOR,,66.26,2753.78,2915.5,375,44.000905523694534,7.7,5.132,False,2011-03-16,en,1339650.0,85.0,0.0
73,BIRDMAN,Fox Searchlight,124.03,27306.17,29022.5,3355,233.99580746593566,0.0,0.6,False,1958-03-11,ja,0.0,71.0,0.0
74,BIRTH OF A NATION,FOX,37.23,1440.4,1526.5,165,41.001880204136455,0.0,0.6,False,2002-12-07,pl,0.0,6.0,0.0
75,BIUTIFUL,roadside attractions,120.65,6382.96,6756.5,855,56.000828843762946,0.0,0.84,False,,es,0.0,10.0,0.0
76,BLACK SWAN,Fox Searchlight,135.63,28304.93,29975.0,3751,221.00567721005677,0.0,0.6,False,1924-11-26,en,0.0,70.0,0.0
77,BLACKFISH,Magnolia,60.17,1671.5,1805.0,213,29.998338042213728,9.0,1.339,False,2019-02-01,en,0.0,83.0,0.0
78,BLUE JASMINE,SPC,174.46,36814.15,39778.0,4710,228.00641980969849,7.0,19.904,False,2013-08-01,en,99206215.0,99.0,18000000.0
79,BLUE VALENTINE,weinstein,95.23,4590.0,4856.5,616,50.99758479470755,0.0,1.723,False,1992-11-12,cn,0.0,99.0,0.0
80,BOYHOOD,IFC,186.7,23528.48,25017.5,2901,133.99839314408143,0.0,0.6,False,2008-01-01,uk,0.0,10.0,0.0
81,BRIDGE OF SPIES,Disney,167.68,19302.9,20457.0,2201,122.00023854961832,7.223,17.83,False,2015-10-15,en,165478348.0,141.0,40000000.0
82,BROKEN EMBRACES,SPC,121.61,5169.2,5472.5,699,45.00041115039882,7.194,11.053,False,2009-03-01,es,30991660.0,127.0,18000000.0
83,BROOKLYN,FOX,185.93,34031.45,36071.0,3905,194.0031194535578,4.8,2.031,False,2016-08-05,en,0.0,95.0,0.0
84,BUCK,IFC,164.22,17368.34,18393.0,2299,112.00219218122031,5.3,1.054,False,2020-08-19,en,0.0,85.0,0.0
85,BURNT,weinstein,93.95,5672.96,6012.5,644,63.99680681213411,0.0,0.6,False,2016-10-19,en,0.0,26.0,0.0
86,CAFE SOCIETY,Lions Gate,135.9,15132.15,16036.5,1739,118.00220750551875,6.0,1.449,False,1939-03-03,en,0.0,83.0,0.0
87,CAIRO TIME,IFC,84.25,7959.12,8425.0,1091,100.0,7.4,1.4,False,2015-01-22,ar,0.0,110.0,0.0
88,CAPTAIN FANTASTIC,BLEECKER STREET,126.55,12178.55,12908.0,1384,101.99920979849863,0.0,0.6,False,2018-01-01,de,0.0,0.0,0.0
89,CAPTAIN PHILLIPS,SONY,123.64,16364.3,17681.0,2064,143.00388223875768,0.0,0.843,False,2010-01-01,en,0.0,49.0,0.0
90,CAROL,weinstein,139.89,6865.57,7274.5,792,52.00157266423619,6.2,4.071,False,2004-11-28,en,0.0,87.0,17000000.0
91,CARTEL LAND,The Orchard,36.83,1424.71,1510.0,159,40.999185446646756,7.235,20.604,False,2015-07-03,en,0.0,100.0,0.0
92,CASINO JACK,,87.79,3731.2,3950.5,511,44.999430459050004,7.1,3.612,False,2010-05-09,en,0.0,118.0,0.0
93,CAVALRY,Fox Searchlight,101.21,7139.44,7591.0,906,75.00247011164905,0.0,0.6,False,1914-01-01,en,0.0,29.0,0.0
94,CAVE OF FORGOTTEN DREAMS,IFC,76.2,7411.06,7849.0,980,103.00524934383202,7.202,10.773,False,2010-09-10,en,6467348.0,90.0,0.0
95,CEDAR RAPIDS,Fox Searchlight,99.02,8318.37,8813.0,1087,89.00222177337912,5.945,7.618,False,2011-02-11,en,6861102.0,87.0,0.0
96,CELESTE AND JESSE,SPC,57.98,3220.7,3479.0,405,60.00344946533288,6.424,12.03,False,2012-08-03,en,3094813.0,91.0,0.0
97,CERTAIN WOMEN,IFC,52.03,2210.37,2341.5,258,45.002882952143,5.909,12.143,False,2016-09-25,en,1215691.0,107.0,2000000.0
98,CERTIFIED COPY,IFC,91.26,5256.32,5567.0,707,61.001534078457155,6.939,10.271,False,2010-05-18,fr,7736632.0,106.0,7000000.0
99,CHEF,Open Road,150.47,44850.56,47699.0,5531,317.00006645843024,0.0,1.091,False,1998-06-01,en,0.0,26.0,0.0
100,CHICO AND RITA,,850.0,786.25,850.0,93,1.0,7.202,6.954,False,2010-11-19,en,0.0,94.0,0.0
101,CHLOE,SPC,59.55,2812.8,2977.5,378,50.0,0.0,0.6,False,2014-01-01,en,0.0,0.0,0.0
102,CHUCK,IFC,23.69,715.16,758.0,79,31.99662304769945,4.0,1.126,False,2016-01-08,en,0.0,51.0,0.0
103,CHURCHILL,Cohen Media,57.69,2833.23,3000.0,333,52.00208008320333,0.0,0.6,False,,en,0.0,13.0,70.0
104,CIRCUMSTANCE,roadside attractions,51.36,1213.02,1284.0,162,25.0,0.0,0.6,False,2013-06-12,ru,0.0,45.0,0.0
105,CITY ISLAND,anchor bay films,130.97,21398.88,22657.0,2832,172.9938153775674,0.0,0.6,False,1958-01-01,pl,0.0,9.0,0.0
106,CITY OF GOLD,IFC,22.08,521.52,552.0,61,25.000000000000004,0.0,0.6,False,,en,0.0,0.0,0.0
107,CITY OF YOUR FINAL DESTIN,SCREEN MEDIA FILMS,97.44,4969.32,5261.5,670,53.99733169129721,5.7,6.802,False,2009-03-21,en,0.0,114.0,0.0
108,CLOSED CIRCUIT,Focus Features,81.76,4692.95,5069.0,608,61.99853228962817,4.4,0.84,False,2012-09-24,en,0.0,98.0,200.0
109,CLOUD ATLAS,WARNER BROS.,107.53,3782.55,4086.0,469,37.9986980377569,6.86,21.361,False,2012-10-26,en,130482868.0,172.0,102000000.0
110,COCO AND IGOR,SPC,89.92,4508.31,4765.5,633,52.99710854092527,6.1,7.104,False,2009-12-30,fr,5753490.0,120.0,0.0
111,CONCUSSION,SONY,68.43,3099.31,3284.5,351,47.99795411369282,0.0,0.6,False,,en,0.0,6.0,5.0
112,CONVICTION,Fox Searchlight,90.82,4287.96,4541.0,575,50.00000000000001,0.0,0.6,False,2016-09-27,en,0.0,56.0,0.0
113,CRAZY HEART,Fox Searchlight,149.81,35078.46,37152.0,4672,247.99412589279754,3.7,0.806,False,1991-08-19,en,0.0,94.0,0.0
114,CT FILM FEST BEST DC SHRT,,198.0,186.12,198.0,21,1.0,,,,,,,,
115,CT FILM FEST COMEDY SHORT,,544.0,513.22,544.0,62,1.0,,,,,,,,
116,CT FILM FEST TENDER HOOK,,119.0,112.28,119.0,14,1.0,,,,,,,,
117,CT FILM FEST THE GREEN,,147.67,415.25,443.0,50,2.9999322814383427,,,,,,,,
118,CTFF,,206.43,1352.69,1445.0,155,6.999951557428668,,,,,,,,
119,CTFF - 9S AND 10S SHORT,,76.5,144.3,153.0,16,2.0,,,,,,,,
120,CTFF - DEAR GOVERNOR CUOM,,372.0,344.1,372.0,39,1.0,,,,,,,,
121,CTFF - FIVE FRIENDS,,172.0,318.2,344.0,37,2.0,,,,,,,,
122,CTFF - GIDGET,,276.0,255.3,276.0,30,1.0,,,,,,,,
123,CTFF - ISNT IT DELICIOUS,,1494.0,1390.95,1494.0,157,1.0,,,,,,,,
124,CTFF - JUAN IN A MILLION,,338.0,625.3,676.0,72,2.0,,,,,,,,
125,CTFF - LEAVE,,243.0,230.4,243.0,33,1.0,,,,,,,,
126,CTFF - PAPITA MANI TOSTON,,127.5,120.24,127.5,13,1.0,,,,,,,,
127,CTFF - PRIVACY,,162.33,451.6,487.0,55,3.000061602907657,,,,,,,,
128,CTFF - RISING STAR,,336.0,310.8,336.0,36,1.0,,,,,,,,
129,CTFF - SHORTS,,550.0,509.5,550.0,63,1.0,,,,,,,,
130,CTFF - SHORTS FROM VIVA,,110.0,101.75,110.0,11,1.0,,,,,,,,
131,CTFF - THE BLACK TULIP,,231.0,427.35,462.0,53,2.0,,,,,,,,
132,CTFF ALL ME ALL THE TIME,,336.0,315.36,336.0,42,1.0,,,,,,,,
133,CTFF BEHIND THE WALL,,201.0,187.8,201.0,27,1.0,,,,,,,,
134,CTFF CARB-LOADED A CULTUR,,338.5,636.68,677.0,72,2.0,,,,,,,,
135,CTFF CARBON FOR WATER,,85.0,79.0,85.0,11,1.0,,,,,,,,
136,CTFF CARDBOARD BERNINI,,1174.0,1087.45,1174.0,129,1.0,,,,,,,,
137,CTFF CONFIDENCE GAME,,430.75,812.84,861.5,101,2.0,,,,,,,,
138,CTFF DOG DAYS OF WINTER,,75.0,141.45,150.0,15,2.0,,,,,,,,
139,CTFF DOWN UNDER SHORTS,,103.5,195.21,207.0,21,2.0,,,,,,,,
140,CTFF EVERYTHING IS FOREVE,,242.0,227.48,242.0,27,1.0,,,,,,,,
141,CTFF FOOLS ON THE HILL,,432.0,399.6,432.0,50,1.0,,,,,,,,
142,CTFF -HEIST WHO STOLE,,168.0,312.3,336.0,41,2.0,,,,,,,,
143,CTFF HELLO LONESOME & THE,,182.0,169.1,182.0,21,1.0,,,,,,,,
144,CTFF HOME OF THE BRAVE,,908.0,839.9,908.0,101,1.0,,,,,,,,
145,CTFF LONELY BOYS,,570.0,537.48,570.0,56,1.0,,,,,,,,
146,CTFF MY BRILLIANT MISTAKE,,768.0,735.15,768.0,67,1.0,,,,,,,,
147,CTFF OUR HOBBY DEPECHE M,,92.0,172.96,184.0,19,2.0,,,,,,,,
148,CTFF OUR LIFE IN MAKE BEL,,295.0,277.6,295.0,33,1.0,,,,,,,,
149,CTFF SACRED SCIENCE,,265.0,247.0,265.0,35,1.0,,,,,,,,
150,CTFF VINTNERS LUCK AND TH,,336.0,312.3,336.0,38,1.0,,,,,,,,
151,CTFF WHO CARES ABOUT KELS,,222.0,205.35,222.0,23,1.0,,,,,,,,
152,CTFF- YOUTH,,385.0,712.25,770.0,82,2.0,,,,,,,,
153,CTFF: NOVEM,,292.0,270.1,292.0,32,1.0,,,,,,,,
154,CTFF:DON MCLEAN: AMERICAN,,81.0,149.85,162.0,18,2.0,,,,,,,,
155,CTFF-ANOTHER HARVEST MOON,,186.0,172.8,186.0,24,1.0,,,,,,,,
156,CTFF-BIG SKY SHRTS,,356.0,334.64,356.0,39,1.0,,,,,,,,
157,CTFF-CLUTTER,CTFF-TOM,1195.0,1124.8,1195.0,132,1.0,,,,,,,,
158,CTFF-THERESA IS A MOTHER,,464.0,429.2,464.0,51,1.0,,,,,,,,
159,CTFF-ZERO SHORTS PROGRAM,,408.0,384.78,408.0,42,1.0,,,,,,,,
160,CUTIE AND THE BOXER,weinstein,98.0,90.65,98.0,11,1.0,7.0,4.337,False,2013-08-16,en,0.0,81.0,0.0
161,CYRUS,Fox Searchlight,114.36,10368.62,10978.5,1377,95.99947534102833,6.0,0.6,False,2008-10-27,en,0.0,43.0,0.0
162,DALLAS BUYERS CLUB,Focus Features,115.59,22702.74,24390.0,2813,211.00441214637945,7.939,27.162,False,2013-11-01,en,55736588.0,117.0,5000.0
163,DAMSELS IN DISTRESS,SPC,41.76,1431.75,1545.0,183,36.99712643678161,5.5,8.413,False,2012-04-06,en,0.0,99.0,0.0
164,DANNY COLLINS,BLEECKER STREET,80.36,9554.06,10125.5,1086,126.00174216027875,6.794,14.762,False,2015-03-19,en,10835752.0,107.0,10000000.0
165,DARLING COMPANION,SPC,64.78,2400.8,2591.0,317,39.99691262735412,5.0,7.03,False,2012-04-20,en,1157257.0,103.0,0.0
166,DE PALMA,A24,20.64,740.82,784.5,86,38.008720930232556,5.7,0.6,False,1938-12-05,es,0.0,113.0,0.0
167,DEEP BLUE SEA,Music Box Films,76.55,2979.5,3215.0,389,41.99869366427172,0.0,0.6,False,2014-03-20,en,0.0,2.0,0.0
168,DELI MAN,,57.81,2126.61,2254.5,246,38.99844317592112,6.135,3.071,False,2017-06-27,en,0.0,65.0,0.0
169,DEMOLITION,FOX,33.34,1069.66,1133.5,121,33.99820035992801,6.5,1.4,False,2016-09-01,en,0.0,108.0,0.0
170,DENIAL,BLEECKER STREET,90.36,9122.72,9669.0,1065,107.00531208499336,10.0,0.627,False,2008-12-10,en,0.0,0.0,0.0
171,DESCENDANTS,Fox Searchlight,187.16,29737.42,31629.5,3902,168.99711476811285,6.3,2.512,False,2003-06-17,en,0.0,86.0,0.0
172,DETROIT,Annapurna,38.06,1186.7,1256.0,139,33.000525486074615,8.0,0.931,False,2018-07-01,en,0.0,60.0,0.0
173,DIARY OF A TEENAGE GIRL,SPC,49.45,1866.28,1978.0,214,40.0,6.605,12.193,False,2015-08-07,en,1477002.0,102.0,2000000.0
174,DIOR AND I,The Orchard,52.04,1228.25,1301.0,141,25.0,0.0,0.6,False,2002-09-10,en,0.0,0.0,0.0
175,DIVORCE CORP,Candor Entertainment,590.0,545.75,590.0,59,1.0,8.2,2.32,False,2014-01-10,en,0.0,88.0,0.0
176,DOG BY DOG - DAWS,,844.5,801.6,844.5,39,1.0,,,,,,,,
177,DOM HEMINGWAY,Fox Searchlight,45.5,1625.56,1729.0,204,38.0,5.828,12.739,False,2013-11-15,en,523511.0,93.0,0.0
178,DONALD CRIED,The Orchard,40.1,945.89,1002.5,109,25.0,6.1,1.968,False,2017-03-03,en,0.0,85.0,0.0
179,DONT THINK TWICE,Film Arcade,96.58,4465.47,4732.5,510,49.00082832884655,0.0,0.6,False,1999-09-17,en,0.0,3.0,0.0
180,DRAFT DAY,Lions Gate,34.98,1645.56,1749.0,206,50.00000000000001,0.0,0.6,False,2021-05-15,en,0.0,0.0,0.0
181,DUNKIRK,WARNER BROS.,133.49,14608.5,15484.5,1661,115.99745299273353,6.973,6.456,False,1964-12-18,fr,0.0,119.0,0.0
182,EAT PRAY LOVE,Sony,194.01,14292.17,15133.0,1927,78.0011339621669,6.217,19.0,False,2010-08-12,en,204594016.0,133.0,60000000.0
183,EAT THAT QUESTION: ZAPPA,sony pictures classics,35.37,1001.0,1061.0,113,29.99717274526435,7.9,3.812,False,2016-05-03,en,0.0,93.0,0.0
184,EFFIE GRAY,Adopt,78.51,2962.87,3140.5,342,40.001273723092595,5.91,13.331,False,2014-03-08,en,0.0,104.0,0.0
185,ELLE,sony pictures classics,102.03,3853.39,4081.0,449,39.99803979221797,5.7,1.296,False,2006-09-22,fr,0.0,102.0,0.0
186,ELVIS AND NIXON,,49.5,1915.98,2029.5,221,41.0,6.7,2.141,False,1997-08-12,en,0.0,95.0,0.0
187,EMBRACE THE SERPENT,Oscilloscope Picture,54.54,1338.71,1418.0,157,25.999266593326,7.71,9.864,False,2015-05-25,es,1320005.0,125.0,1400000.0
188,EMPEROR,roadside attractions,97.18,5577.25,6025.0,722,61.99835357069355,5.9,1.4,False,1933-09-29,en,0.0,73.0,263000.0
189,ENOUGH SAID,Fox Searchlight,167.57,18920.45,20444.0,2409,122.00274512144179,6.733,9.548,False,2013-09-18,en,25288872.0,93.0,0.0
190,EQUITY,sony pictures classics,66.57,2891.93,3062.0,338,45.996695208051676,7.0,2.598,False,2004-10-16,en,0.0,89.0,0.0
191,EVERYTHING MUST GO,roadside attractions,83.16,6438.51,6819.5,850,82.0045695045695,0.0,0.6,False,,en,0.0,103.0,0.0
192,EX MACHINA,A24,61.04,2822.67,2991.0,317,49.000655307994755,6.4,1.365,False,2002-01-01,ar,1675596.0,92.0,0.0
193,EXTREMELY LOUD AND INCRED,WARNER BROS.,119.06,8095.68,8572.5,1073,72.00151184276835,6.982,16.653,False,2011-12-25,en,55247881.0,129.0,40000000.0
194,EYE IN THE SKY,BLEECKER STREET,106.78,12393.37,13133.5,1416,122.99587937816071,4.3,0.6,False,1995-09-28,en,0.0,107.0,0.0
195,FADING GIGOLO,Millenium Entertainment,75.09,5369.68,5707.0,683,76.00213077640164,5.823,17.13,False,2013-09-07,en,2681345.0,90.0,0.0
196,FAIR GAME,Summit Entertainment,119.73,14696.91,15565.0,1966,130.00083521256158,10.0,0.6,False,2018-06-01,en,0.0,111.0,0.0
197,FAR FROM MADDING CROWD,Fox Searchlight,130.22,17816.82,18882.0,2042,145.00076793119337,0.0,0.6,False,2008-11-15,en,0.0,142.0,0.0
198,FAREWELL,,65.15,2707.91,2866.5,366,43.998465080583266,8.1,2.516,False,2004-06-15,en,0.0,133.0,0.0
199,FED UP,RAD,81.82,2538.6,2700.0,314,32.999266682962606,6.7,3.613,False,1993-01-12,en,0.0,78.0,0.0
200,FELIX & MEIRA,Oscilloscope Picture,60.76,1434.19,1519.0,166,25.0,5.4,1.707,False,2015-01-11,fr,0.0,105.0,0.0
201,FENCES,paramount,144.56,10504.17,11131.5,1217,77.00262866629772,0.0,0.6,False,2020-08-20,de,0.0,70.0,0.0
202,FF52,,144.38,544.62,577.5,59,3.999861476658817,,,,,,,,
203,FF52 - CT & NY SHORTS,,1283.0,1209.98,1283.0,123,1.0,,,,,,,,
204,FF52 - 8/31,,60.75,114.6,121.5,13,2.0,,,,,,,,
205,FF52 - 9/14/16,,688.5,649.29,688.5,70,1.0,,,,,,,,
206,FF52 - 9/6/17,,144.0,135.81,144.0,15,1.0,,,,,,,,
207,FF52 - 9/7/16,,193.5,182.52,193.5,21,1.0,,,,,,,,
208,FF52 - ABOVE AND BEYOND,,349.0,658.61,698.0,74,2.0,,,,,,,,
209,FF52 - AGNUS DEI,,344.5,325.48,344.5,37,1.0,,,,,,,,
210,FF52 - AMERICAS BLUES,,473.5,447.07,473.5,48,1.0,,,,,,,,
211,FF52 - ASIAN SHORTS,,113.5,107.62,113.5,13,1.0,,,,,,,,
212,FF52 - BEAUTIFULLY SCARY,,169.5,319.71,339.0,35,2.0,,,,,,,,
213,FF52 - EMERALD CITY,,859.5,810.57,859.5,88,1.0,,,,,,,,
214,FF52 - GHOSTING,,204.0,192.36,204.0,20,1.0,,,,,,,,
215,FF52 - LITTLE MEN,,695.5,656.5,695.5,73,1.0,,,,,,,,
216,FF52 - MAMA SHERPAS,,247.5,233.43,247.5,26,1.0,,,,,,,,
217,FF52 - ON THE 7TH DATE,,138.0,130.14,138.0,14,1.0,,,,,,,,
218,FF52 - QUATSCH,,190.0,179.77,190.0,21,1.0,,,,,,,,
219,FF52 - SHORTS/TO THE POIN,,485.5,458.41,485.5,50,1.0,,,,,,,,
220,FF52 - STUDENT SHORTS II,,192.0,181.08,192.0,20,1.0,,,,,,,,
221,FF52 - SUMMER SHORTS 1,,307.0,290.95,307.0,34,1.0,,,,,,,,
222,FF52 - THE FROGMARCH,,57.0,107.52,114.0,12,2.0,,,,,,,,
223,FF52 - THE PEACE AGENCY,,144.0,135.81,144.0,15,1.0,,,,,,,,
224,FF52 - TRAPPED,,1216.5,1147.17,1216.5,122,1.0,,,,,,,,
225,FF52 - TWO GIRLS,,160.5,151.35,160.5,16,1.0,,,,,,,,
226,FF52 11/25,,340.5,321.09,340.5,34,1.0,,,,,,,,
227,FF52 12/14/16,,150.0,141.48,150.0,16,1.0,,,,,,,,
228,FF52 5/3/17,,159.0,149.94,159.0,16,1.0,,,,,,,,
229,FF52 8/17/16,,95.75,181.18,191.5,21,2.0,,,,,,,,
230,FF52 8/2/17,,135.0,127.32,135.0,14,1.0,,,,,,,,
231,FF52 9/13/17 SHORTS,,488.0,460.58,488.0,53,1.0,,,,,,,,
232,FF52 9/21/16,,340.5,321.12,340.5,35,1.0,,,,,,,,
233,FF52 A BOLD PEACE,,333.0,314.04,333.0,34,1.0,,,,,,,,
234,FF52 ATTEMPT ON STATE/BRU,,112.5,106.11,112.5,12,1.0,,,,,,,,
235,FF52 BETHEL ARTS FUNDRAIS,,312.0,294.21,312.0,31,1.0,,,,,,,,
236,FF52 BITCH,,307.0,290.08,307.0,32,1.0,,,,,,,,
237,FF52 BROKE,,150.0,141.48,150.0,16,1.0,,,,,,,,
238,FF52 COUPLES; LOVE STORIE,,712.5,671.91,712.5,72,1.0,,,,,,,,
239,FF52 CROWS OF THE DESERT,,177.0,166.92,177.0,18,1.0,,,,,,,,
240,FF52 CURIOUS WORLDS,,349.5,329.58,349.5,35,1.0,,,,,,,,
241,FF52 DANNY SAYS,,595.5,576.09,595.5,85,1.0,,,,,,,,
242,FF52 DEAR PRES OBAMA,,198.0,186.72,198.0,20,1.0,,,,,,,,
243,FF52 DEEP WEB,,234.0,441.36,468.0,48,2.0,,,,,,,,
244,FF52 DOCUMENTARY SHORTS,,198.0,186.72,198.0,20,1.0,,,,,,,,
245,FF52 DOG DAYS OF WINTER,,250.5,236.22,250.5,25,1.0,,,,,,,,
246,FF52 DOGS ON THE INSIDE,,1674.5,1586.06,1674.5,141,1.0,,,,,,,,
247,FF52 DOUBLE DOCS,,790.67,2237.09,2372.0,238,2.999987352498514,,,,,,,,
248,FF52 DRAMATIC SHORTS I,,198.0,186.72,198.0,20,1.0,,,,,,,,
249,FF52 DRAMATIC SHORTS II,,139.5,131.55,139.5,14,1.0,,,,,,,,
250,FF52 EINSTEINS GOD MODEL,,373.5,353.13,373.5,41,1.0,,,,,,,,
251,FF52 ENCORE PRESENTATIONS,,249.0,234.81,249.0,25,1.0,,,,,,,,
252,FF52 FANATIC HEART BLACK4,,192.5,363.64,385.0,40,2.0,,,,,,,,
253,FF52 FEMALE FILMMAKER SHO,,769.0,725.77,769.0,79,1.0,,,,,,,,
254,FF52 GIRL FIGHT: A MUAY T,,172.5,162.66,172.5,17,1.0,,,,,,,,
255,FF52 GOLD STAR,,852.0,803.43,852.0,85,1.0,,,,,,,,
256,FF52 GOOD OL BOY,,582.0,1646.43,1746.0,173,3.0,,,,,,,,
257,FF52 INCREDIBLE ADVENTURE,,350.25,661.53,700.5,75,2.0,,,,,,,,
258,FF52 INSECURE SHORTS,,189.0,356.46,378.0,38,2.0,,,,,,,,
259,FF52 KEEP IN TOUCH,,379.5,357.84,379.5,37,1.0,,,,,,,,
260,FF52 LIBERATING A CONTINE,,435.0,410.22,435.0,44,1.0,,,,,,,,
261,FF52 LIFE HEIST,,375.0,353.64,375.0,38,1.0,,,,,,,,
262,FF52 LUTAH,,464.5,438.64,464.5,49,1.0,,,,,,,,
263,FF52 LYAO SHORTS 1,,674.5,637.57,674.5,73,1.0,,,,,,,,
264,FF52 MAMA SHERPAS,,243.0,229.14,243.0,24,1.0,,,,,,,,
265,FF52 MINI ANIMATION FEST,,348.0,328.14,348.0,34,1.0,,,,,,,,
266,FF52 MIXED & MATCHED IV,,193.5,182.49,193.5,20,1.0,,,,,,,,
267,FF52 MIXED & MATCHED SHOR,,769.5,725.64,769.5,77,1.0,,,,,,,,
268,FF52 MONTEREY POP,,573.0,540.42,573.0,60,1.0,,,,,,,,
269,FF52 MY FATHERS VIETNAM,,490.5,462.57,490.5,50,1.0,,,,,,,,
270,FF52 ONE BY ONE DIANA KIN,,1077.0,1015.71,1077.0,111,1.0,,,,,,,,
271,FF52 PAGDI THE HONOUR,,147.0,138.63,147.0,15,1.0,,,,,,,,
272,FF52 RISKY BUS/FOODHAVEN,,199.5,188.16,199.5,21,1.0,,,,,,,,
273,FF52 SHORTS INTERNATIONAL,,256.25,483.91,512.5,54,2.0,,,,,,,,
274,FF52 SHORTS PROGRAM 4/26/,,246.0,231.99,246.0,25,1.0,,,,,,,,
275,FF52 SPECIAL INTEREST DOU,,375.5,354.41,375.5,39,1.0,,,,,,,,
276,FF52 SUMMER SHORTS 2,,198.75,374.88,397.5,41,2.0,,,,,,,,
277,FF52 SURVIVAL SHORTS,,113.25,213.6,226.5,23,2.0,,,,,,,,
278,FF52 THE BULLISH FARMER,,289.0,273.13,289.0,31,1.0,,,,,,,,
279,FF52 THE DAVID DANCE,,528.0,497.94,528.0,54,1.0,,,,,,,,
280,FF52 THE LAVENDAR SCARE,,624.0,588.48,624.0,64,1.0,,,,,,,,
281,FF52 THE LOST VILLAGE,,210.0,198.06,210.0,22,1.0,,,,,,,,
282,FF52 THE SAMARITAN,,160.5,151.38,160.5,17,1.0,,,,,,,,
283,FF52 THE THIRD MAN,,825.0,778.05,825.0,85,1.0,,,,,,,,
284,FF52 THE VOICE OF THE VOI,,168.5,159.2,168.5,18,1.0,,,,,,,,
285,FF52 WEBISODES,,106.5,100.44,106.5,11,1.0,,,,,,,,
286,FF52.AN INAPPROPRIATE AFF,,360.0,339.48,360.0,36,1.0,,,,,,,,
287,FF52: ACTOR FOR HIRE,,298.25,563.11,596.5,62,2.0,,,,,,,,
288,FF52: FRANCOPHILE SHORTS,,534.0,505.32,534.0,58,1.0,,,,,,,,
289,FF52: THE HISTORIAN,,145.5,137.22,145.5,15,1.0,,,,,,,,
290,FF52:BORN TO LEAD:JIM CAL,,202.0,191.08,202.0,22,1.0,,,,,,,,
291,FF52:RIGOBERTA MENCHU PEA,,195.0,183.9,195.0,20,1.0,,,,,,,,
292,FF52-1/18/17,,77.25,145.71,154.5,16,2.0,,,,,,,,
293,FF52-ALL THINGS BAKELITE,,822.0,775.23,822.0,85,1.0,,,,,,,,
294,FF52-INSPIRED TO RIDE,,332.25,626.58,664.5,65,2.0,,,,,,,,
295,FF52-MNFF-GUYSNEXTDOOR,,237.0,223.53,237.0,25,1.0,,,,,,,,
296,FF52-MNFF-SHORTS,,271.0,256.15,271.0,29,1.0,,,,,,,,
297,FF52-NIGHTBIRDSONG-CHAPIN,,258.0,243.3,258.0,26,1.0,,,,,,,,
298,FF52-OBLIVION SEASON,,215.0,203.06,215.0,23,1.0,,,,,,,,
299,FF52-PT.BARNUM LOST LEGEN,,1092.75,2061.0,2185.5,221,2.0,,,,,,,,
300,FF52-TALKING STICKS,,315.0,297.09,315.0,33,1.0,,,,,,,,
301,FF52-TOMORROW WE DISAPPEA,,391.5,369.21,391.5,40,1.0,,,,,,,,
302,FF52-UK GOURMET SHORTS,,727.5,686.04,727.5,73,1.0,,,,,,,,
303,FILL THE VOID,SPC,84.84,2435.75,2630.0,318,30.999528524280997,6.5,2.352,False,2012-07-01,he,1775316.0,90.0,0.0
304,FIRST POSITION,IFC,55.6,1287.25,1390.0,162,25.0,0.0,0.6,False,1972-10-20,en,0.0,74.0,0.0
305,FLIPPED,WARNER BROS.,36.4,1237.4,1310.5,165,36.002747252747255,0.0,0.84,False,1988-01-01,sh,0.0,14.0,0.0
306,FLORENCE FOSTER JENKINS,Paramount Pictures,161.84,22446.77,23790.5,2592,147.0001235788433,0.0,0.6,False,2007-06-06,en,0.0,89.0,4000.0
307,FOOTNOTE,SPC,67.21,3547.05,3831.0,457,57.000446362148494,0.0,0.6,False,2007-10-07,en,0.0,13.0,0.0
308,FOXCATCHER,SPC,135.11,9654.92,10268.0,1199,75.99733550440381,7.1,5.963,False,2016-04-18,en,0.0,91.0,0.0
309,FRANCES HA,IFC,74.76,6854.55,7401.0,870,98.9967897271268,7.4,13.898,False,2013-05-17,en,4069826.0,86.0,0.0
310,FRANTZ,Music Box,63.74,3009.25,3187.0,350,50.0,0.0,0.6,False,,en,0.0,0.0,0.0
311,FRIENDS WITH KIDS,roadside attractions,75.43,6357.45,6864.0,796,90.99827654779264,6.006,10.989,False,2012-03-09,en,12186625.0,100.0,0.0
312,FRUITVALE STATION,weinstein,60.8,3658.6,3952.0,457,65.0,7.394,15.454,False,2013-07-26,en,17549645.0,82.0,900000.0
313,FVCK IT,madeMyOwnDamnMovie,415.0,415.0,415.0,83,1.0,,,,,,,,
314,GATEKEEPERS,SPC,64.41,2921.55,3156.0,384,48.99860270144388,6.379,17.207,False,2020-08-27,ru,0.0,115.0,15000000.0
315,GENIUS,roadside attractions,57.76,6596.08,6989.5,766,121.00934903047091,8.0,1.602,False,2016-06-30,en,0.0,60.0,0.0
316,GET LOW,SPC,125.85,17824.07,18877.5,2352,150.0,0.0,0.6,False,2019-10-14,ko,0.0,11.0,0.0
317,GET ON UP,Universal Pictures,61.57,3069.32,3263.0,380,52.996589248010395,0.0,0.6,False,1966-11-24,en,0.0,0.0,0.0
318,GETT,,66.74,4725.81,5005.5,553,75.0,5.236,7.9,False,1994-06-17,en,0.0,109.0,30000000.0
319,GIFTED,,84.66,4634.15,4910.0,535,57.9966926529648,0.0,0.6,False,1992-01-01,en,0.0,6.0,0.0
320,GINGER AND ROSA,A24,61.75,1830.8,1976.0,240,32.0,6.2,9.261,False,2012-10-18,en,1005700.0,89.0,0.0
321,GIRL MOST LIKELY,roadside attractions,64.14,2909.15,3143.0,374,49.00218272528843,5.0,1.631,False,1958-02-05,fr,0.0,98.0,0.0
322,GIRL WHO KICKED THE HORNE,Music Box Films,122.25,9467.32,10024.5,1265,82.0,7.058,11.529,False,2009-11-27,sv,43498108.0,147.0,4000000.0
323,GIRL WHO PLAYED WITH FIRE,Music Box Films,122.85,12183.88,12899.0,1653,104.997964997965,6.983,13.219,False,2009-09-18,sv,67126795.0,130.0,4422952.0
324,GIRL WITH DRAGON TATTOO,Music Box Films,131.99,15457.48,16366.5,2058,123.99803015379952,7.532,15.605,False,2009-02-27,sv,109421911.0,152.0,13000000.0
325,GLORIA,roadside attractions,79.13,2307.32,2453.0,297,30.99962087703779,6.273,2.486,False,2001-07-06,es,0.0,91.0,0.0
326,GONE GIRL,,214.81,17978.12,19118.0,2224,88.99958102509194,1.3,2.22,False,2009-10-16,en,0.0,115.0,0.0
327,GRAND BUDAPEST HOTEL,Fox Searchlight,137.95,36191.28,38487.0,4503,278.9923885465749,7.0,0.6,False,2015-02-16,en,0.0,16.0,0.0
328,GRANDMA,sony pictures classics,102.08,9057.72,9595.5,1049,93.9998040752351,0.0,0.6,False,1913-12-10,en,0.0,0.0,0.0
329,GRAVITY,WARNER BROS.,97.88,9240.45,9984.0,1164,102.0024519820188,0.0,0.6,False,,en,0.0,0.0,0.0
330,GREATEST MOVIE EVER SOLD,,31.6,746.92,790.0,102,25.0,6.462,8.24,False,2011-04-22,en,621951.0,87.0,0.0
331,GREENBERG,Focus Features,96.43,7829.28,8293.0,1016,86.00020740433474,5.8,0.6,False,1998-10-14,en,0.0,90.0,0.0
332,HAIL CAESAR,Universal Pictures,106.41,10041.01,10640.5,1145,99.99530119349686,0.0,0.6,False,2002-01-01,en,0.0,90.0,0.0
333,HANNA,Focus Features,75.64,3500.46,3706.5,459,49.0018508725542,0.0,0.6,False,1970-12-09,de,0.0,0.0,0.0
334,HANNAH ARENDT,,334.0,309.7,334.0,40,1.0,0.0,0.6,False,,en,0.0,65.0,0.0
335,HARRY BROWN,,67.36,3945.81,4176.5,531,62.00267220902613,6.782,13.176,False,2009-11-11,en,10329747.0,103.0,7300000.0
336,HAVA NAGILA,,745.0,691.0,745.0,89,1.0,7.0,2.116,False,2012-07-19,en,0.0,75.0,0.0
337,HE NAMED ME MALALA,FOX,42.71,1573.73,1665.5,182,38.995551393116365,6.7,8.869,False,2015-09-12,en,2642899.0,87.0,0.0
338,HEARTBREAKER,IFC,44.0,1206.28,1276.0,162,29.0,4.5,2.77,False,1984-09-28,en,0.0,98.0,0.0
339,HELL OR HIGH WATER,Lions Gate,85.55,10653.64,11293.0,1202,132.00467562828754,0.0,0.84,False,,en,0.0,126.0,0.0
340,HELLO LONESOME,,207.0,383.7,414.0,45,2.0,6.3,0.822,False,2010-06-01,en,0.0,93.0,0.0
341,HELLO MY NAME IS DORIS,roadside attractions,123.14,17778.26,18840.5,2048,153.00064966704565,6.4,11.246,False,2015-11-27,en,14659448.0,95.0,1000000.0
342,HER,WARNER BROS.,106.26,4918.65,5313.0,625,50.0,5.0,4.124,False,2013-08-02,en,0.0,90.0,0.0
343,HEREAFTER,WARNER BROS.,162.4,9505.48,10069.0,1253,62.001231527093594,0.0,0.6,False,2011-01-01,es,0.0,247.0,0.0
344,HIDDEN FIGURES,FOX,199.93,20563.01,21792.5,2350,109.00065022757965,8.065,99.431,False,2016-12-10,en,230698791.0,127.0,25000000.0
345,HITCHCOCK,Fox Searchlight,92.94,6114.95,6599.0,792,71.00279750376588,0.0,0.6,False,2014-04-15,en,0.0,4.0,0.0
346,HOME AGAIN,Open Road,59.82,3837.81,4068.0,436,68.00401203610832,7.832,11.791,False,1946-12-25,en,23650000.0,171.0,2100000.0
347,HOPE SPRINGS,SONY,184.8,23952.6,25872.0,3073,140.0,7.0,1.251,False,2004-06-25,en,0.0,31.0,0.0
348,HUNT FOR THE WILDERPEOPLE,The Orchard,116.61,14409.92,15276.5,1631,131.00505960037734,7.7,12.842,False,2016-03-31,en,23200000.0,101.0,2500000.0
349,HVCA GREAT GATSBY,,1575.0,1575.0,1575.0,63,1.0,,,,,,,,
350,HYDE PARK ON HUDSON,Focus Features,183.81,26886.35,29042.0,3522,158.00010880800826,5.4,8.86,False,2012-12-07,en,8887603.0,94.0,0.0
351,HYSTERIA,SPC,80.25,4461.0,4815.0,572,60.0,0.0,0.6,False,1999-01-01,en,0.0,6.0,0.0
352,I AM,Paladin,74.45,2742.28,2903.5,365,38.999328408327735,7.0,4.531,False,2011-02-11,en,0.0,76.0,0.0
353,I AM LOVE,Magnolia,131.17,4838.68,5115.5,669,38.9990089197225,4.2,4.377,False,2021-10-07,en,0.0,91.0,0.0
354,I AM NOT YOUR NEGRO,Magnolia,55.02,1297.44,1375.5,149,25.0,7.787,6.66,False,2017-02-03,en,7123919.0,93.0,1000000.0
355,I ORIGINS,Fox Searchlight,38.0,1322.84,1406.0,162,37.0,7.8,11.327,False,2001-11-17,en,0.0,60.0,0.0
356,ICEMAN,Millenium Entertainment,63.22,2166.2,2339.0,276,36.99778551091427,0.0,0.842,False,2005-02-15,en,0.0,0.0,0.0
357,IDA,,76.44,14379.72,15288.0,1850,200.0,4.7,0.6,False,1983-12-31,es,0.0,30.0,0.0
358,ILL SEE YOU IN MY DREAMS,BLEECKER STREET,106.74,22457.85,23802.0,2583,222.99044406970208,6.3,1.119,False,2003-07-01,pt,0.0,20.0,0.0
359,ILLUSIONIST,SPC,71.84,2985.44,3161.0,412,44.00055679287305,5.9,1.491,False,1900-01-01,fr,0.0,1.0,0.0
360,IMITATION GAME,weinstein,182.34,38634.29,41027.0,4698,225.00274213008666,6.5,3.027,False,1980-04-24,en,0.0,75.0,0.0
361,IN A WORLD,roadside attractions,82.03,2885.85,3117.0,370,37.998293307326584,0.0,0.6,False,2013-06-21,en,0.0,21.0,0.0
362,IN DARKNESS,SPC,66.81,1610.85,1737.0,210,25.999101930848674,0.0,0.6,False,2014-11-03,en,0.0,80.0,0.0
363,IN SECRET,roadside attractions,59.25,1763.94,1896.0,230,32.0,7.996,17.735,False,2009-08-13,es,33965843.0,130.0,2000000.0
364,IN THE FOG,,124.0,114.7,124.0,15,1.0,0.0,0.6,False,2020-12-04,tr,0.0,19.0,0.0
365,INCENDIES,SPC,82.82,8059.15,8530.5,1085,103.00048297512679,8.0,0.6,False,2018-08-01,fr,0.0,0.0,0.0
366,INCEPTION,WARNER BROS.,115.06,14229.9,15073.0,1824,131.0012167564749,5.8,1.18,False,,en,0.0,83.0,0.0
367,INDEMNIFICATION CLAIMED,Distributor,325.0,325.0,325.0,13,1.0,0.0,1.346,False,2015-05-03,en,0.0,0.0,0.0
368,INDIGNATION,roadside attractions,102.91,8937.79,9467.5,1044,91.9978622096978,0.0,0.6,False,2019-02-22,en,0.0,90.0,0.0
369,INEQUALITY FOR ALL,weinstein,39.72,921.15,993.0,123,25.0,7.6,6.943,False,2013-01-19,en,0.0,88.0,0.0
370,INFINITELY POLAR BEAR,SPC,80.68,4339.69,4598.5,498,56.99677739216658,6.668,8.8,False,2014-01-18,en,1430655.0,87.0,6700000.0
371,INHERENT VICE,Fox Searchlight,93.88,3897.07,4130.5,435,43.997656582871755,6.578,21.526,False,2014-12-12,en,14710975.0,149.0,20000000.0
372,INSIDE JOB,SPC,74.76,3036.56,3214.5,410,42.9975922953451,0.0,0.6,False,1977-01-01,en,0.0,33.0,0.0
373,INSIDE LLEWYN DAVIS,CBS,119.13,9482.25,10245.0,1198,85.99848904558046,8.1,3.938,False,2013-12-13,en,0.0,101.0,0.0
374,INTOUCHABLES,weinstein,110.17,23255.7,25119.0,2983,228.00217845148407,5.4,5.728,False,2014-01-29,en,0.0,85.0,0.0
375,INVICTUS,WARNER BROS.,120.86,4792.16,5076.0,640,41.99900711567103,0.0,0.6,False,,pt,0.0,0.0,0.0
376,INVISIBLE WOMAN,SPC,83.41,3397.75,3670.0,453,43.9995204411941,0.0,0.6,False,2010-04-10,en,0.0,6.0,0.0
377,IRIS,Magnolia,43.58,3044.58,3225.0,355,74.00183570445158,0.0,0.667,False,2020-05-05,en,0.0,8.0,0.0
378,IRRATIONAL MAN,SPC,70.01,7003.4,7421.0,805,105.99914297957434,6.534,11.777,False,2015-07-17,en,27391084.0,95.0,11000000.0
379,ITS COMPLICATED,Universal Pictures,200.85,20862.62,22094.0,2789,110.00248941996514,4.8,1.09,False,2013-04-03,en,0.0,50.0,0.0
380,ITS KIND OF A FUNNY STOR,Focus Features,51.96,3287.76,3481.5,427,67.00346420323325,7.0,21.345,False,2010-10-08,en,6491240.0,102.0,8000000.0
381,J EDGAR,WARNER BROS.,128.94,12294.3,13022.5,1644,100.99658756010548,0.0,0.6,False,1983-01-01,pt,0.0,13.0,0.0
382,JACK GOES BOATING,relativity media,54.66,2941.83,3115.5,393,56.99780461031833,5.923,5.982,False,2010-09-23,en,538000.0,89.0,0.0
383,JACKIE,FOX,149.15,15056.15,15959.0,1733,106.99966476701307,0.0,2.023,False,2001-01-01,en,0.0,41.0,0.0
384,JANE EYRE,Focus Features,170.02,19424.64,20572.0,2601,120.99752970238795,4.0,0.6,False,1968-01-01,el,0.0,80.0,0.0
385,JEFF WHO LIVES AT HOME,Paramount Vantage,84.84,3929.85,4242.0,491,50.0,6.163,10.76,False,2011-09-13,en,4417580.0,83.0,10000000.0
386,JERSEY BOYS,WARNER BROS.,126.3,13660.36,14524.0,1740,114.99604117181315,6.8,14.351,False,2014-06-05,en,67347013.0,134.0,40000000.0
387,JIRO DREAMS OF SUSHI,Magnolia,28.47,846.05,911.0,113,31.998595012293645,7.804,9.025,False,2011-06-11,en,2550508.0,82.0,0.0
388,JOAN RIVERS: A PIECE OF W,IFC,108.2,7460.15,7898.5,1018,72.99907578558225,7.0,3.43,False,2010-01-25,en,0.0,84.0,0.0
389,JOY,FOX,232.68,21514.9,22802.5,2451,97.99939831528279,6.7,4.362,False,1984-10-10,en,0.0,106.0,0.0
390,KEDI,Oscilloscope Picture,86.18,3172.45,3361.0,365,38.9997679275934,5.0,1.298,False,2020-01-02,st,0.0,94.0,0.0
391,KID WITH A BIKE,IFC,62.44,2889.35,3122.0,372,50.0,7.134,7.472,False,2011-05-18,fr,0.0,87.0,0.0
392,KINGS OF SUMMER,CBS,89.1,4041.55,4366.0,512,49.00112233445567,7.047,14.06,False,2013-01-19,en,1400000.0,93.0,1500000.0
393,KNIGHT OF CUPS,Broadgreen Pictures,47.61,1437.58,1523.5,165,31.999579920184836,0.0,0.84,False,,en,0.0,16.0,0.0
394,KOCH,zeitgeist,80.64,1870.05,2016.0,248,25.0,7.465,29.929,False,2017-03-04,ja,0.0,101.0,0.0
395,KON TIKI,weinstein,75.82,4001.6,4322.0,515,57.003429174360335,7.4,1.901,False,1950-01-12,no,0.0,58.0,0.0
396,LA GRAN BELLEZA,,116.19,3935.92,4183.0,506,36.001377054824,7.528,15.587,False,2013-05-21,it,24164400.0,142.0,12400000.0
397,LA LA LAND,Lions Gate,166.06,16137.48,17104.5,1840,103.00192701433217,4.2,0.6,False,2016-06-02,es,0.0,77.0,0.0
398,LABYRINTH OF LIES,sony pictures classics,73.07,1449.15,1534.5,170,21.000410565211443,0.0,0.6,False,2002-04-16,de,0.0,92.0,0.0
399,LADY IN THE VAN,IFC,127.34,17543.78,18591.5,2034,145.9989005811214,6.428,10.378,False,2015-10-30,en,41387687.0,104.0,6000000.0
400,LADY MACBETH,roadside attractions,52.54,2082.96,2206.5,241,41.99657403882756,5.0,0.6,False,1966-11-19,ru,0.0,118.0,0.0
401,LAND OF MINE,sony pictures classics,37.04,874.61,926.0,103,25.0,0.0,0.6,False,2005-05-05,en,0.0,73.0,0.0
402,LANDLINE,Magnolia,63.78,2288.26,2423.5,267,37.9978049545312,0.0,0.6,False,2020-05-01,en,0.0,6.0,0.0
403,LARRY CROWNE,Universal Pictures,111.68,10126.35,10721.0,1354,95.99749283667622,5.907,13.622,False,2011-06-30,en,75055070.0,98.0,30000000.0
404,LE WEEK-END,Music Box Films,80.17,7766.72,8258.0,984,103.00611201197455,7.739,16.775,False,1992-12-23,en,134095253.0,156.0,31000000.0
405,LEARNING TO DRIVE,Broadgreen Pictures,76.66,5137.96,5443.0,592,71.0018262457605,0.0,0.6,False,2016-10-09,en,0.0,26.0,0.0
406,LEE DANIELS: THE BUTLER,weinstein,197.98,24553.95,26529.0,3160,133.9983836751187,7.357,16.465,False,2013-08-16,en,115922175.0,132.0,25000000.0
407,LES MISERABLES,Universal Pictures,198.35,12669.3,13686.0,1636,68.99924376102848,0.0,0.6,False,1909-09-03,en,0.0,44.0,0.0
408,LETTERS TO JULIET,Summit Entertainment,108.89,5450.99,5771.0,745,52.998438791440904,6.968,32.038,False,2010-05-13,en,82148538.0,105.0,30000000.0
409,LIGHT BETWEEN OCEANS,Disney,135.97,5516.98,5846.5,637,42.9984555416636,7.09,22.696,False,2016-09-02,en,25975621.0,133.0,20000000.0
410,LIKE CRAZY,Paramount Pictures,89.56,6762.72,7165.0,879,80.00223313979455,7.0,2.098,False,1973-11-22,fr,0.0,100.0,0.0
411,LINCOLN,Disney,269.16,40605.4,43873.0,5200,162.9997027790162,8.0,0.6,False,2015-04-13,en,0.0,60.0,0.0
412,LION,weinstein,192.54,44140.45,46787.5,5025,243.00145424327414,5.8,3.905,False,1952-12-01,en,0.0,98.0,0.0
413,LIVING FOR 32,,440.0,407.0,440.0,44,1.0,0.0,0.6,False,2010-01-01,en,0.0,40.0,0.0
414,LOCKE,A24,68.04,3328.72,3538.0,412,51.99882422104644,6.0,5.295,False,1991-12-27,en,0.0,104.0,0.0
415,LOGAN LUCKY,BLEECKER STREET,40.86,3471.73,3677.5,397,90.002447381302,6.719,24.762,False,2017-08-17,en,48453605.0,118.0,29000000.0
416,LOLA VERSUS,Fox Searchlight,36.7,1020.3,1101.0,133,29.999999999999996,5.0,6.812,False,2012-04-24,en,252603.0,87.0,0.0
417,LORE,Music Box Films,93.88,5564.15,6008.0,727,63.996591393268005,7.0,9.36,False,1982-09-16,it,0.0,105.0,0.0
418,LOST IN PARIS,Oscilloscope Picture,55.72,2788.6,2953.0,327,52.997128499641065,0.0,0.6,False,2020-11-16,fr,0.0,74.0,0.0
419,LOVE & FRIENDSHIP,roadside attractions,111.14,18456.41,19560.5,2120,175.99874032751484,0.0,0.6,False,1955-01-01,cs,0.0,14.0,0.0
420,LOVE & MERCY,roadside attractions,125.74,23248.95,24645.0,2620,195.99968188325116,0.0,0.6,False,2017-01-01,en,0.0,80.0,0.0
421,LOVE AND OTHER DRUGS,FOX,82.71,6560.02,6948.0,863,84.00435255712732,7.034,83.641,False,2010-11-22,en,102820008.0,112.0,30000000.0
422,LOVE IS ALL YOU NEED,SPC,104.44,6863.0,7415.0,899,70.99770202987361,5.937,9.504,False,2012-09-04,da,16722143.0,116.0,5500000.0
423,LOVE IS STRANGE,SPC,78.68,4887.12,5193.0,629,66.00152516522623,5.7,0.6,False,1937-04-18,en,0.0,86.0,0.0
424,LOVELACE,RAD,46.18,1196.4,1293.0,150,27.999133824166307,0.0,0.6,False,2013-01-01,en,0.0,0.0,0.0
425,LOVELY STILL,monterey media,51.16,1934.08,2046.5,269,40.00195465207194,6.943,4.077,False,2008-01-01,en,0.0,92.0,0.0
426,LOVING,Focus Features,76.03,5883.32,6234.5,673,82.00052610811521,5.6,1.81,False,1970-09-21,en,0.0,52.0,0.0
427,MAGGIES PLAN,sony pictures classics,66.41,5391.22,5711.5,621,86.00361391356724,5.709,11.518,False,2016-04-27,en,3351735.0,98.0,0.0
428,MAGIC IN THE MOONLIGHT,SPC,147.16,17025.44,18101.0,2157,123.00217450394129,6.492,13.079,False,2014-07-25,en,51029361.0,98.0,16800000.0
429,MANCHESTER BY THE SEA,roadside attractions,244.04,33384.67,35386.0,3827,145.0008195377807,7.531,21.06,False,2016-11-18,en,78988148.0,138.0,9000000.0
430,MANHATTAN SHORT,,177.83,503.8,533.5,59,3.0000562334814145,,,,,,,,
431,MAOS LAST DANCER,IDP,111.84,3909.96,4138.0,541,36.99928469241774,0.0,0.6,False,2007-11-12,en,0.0,13.0,0.0
432,MARGIN CALL,roadside attractions,111.95,18495.56,19590.5,2449,174.99330058061634,6.794,17.247,False,2011-02-11,en,19504039.0,107.0,3500000.0
433,MARGUERITE,Cohen Media,54.13,1379.69,1461.5,160,26.999815259560318,0.0,0.6,False,,en,0.0,60.0,0.0
434,MARTHA MARCY MAY MARLENE,Fox Searchlight,67.4,3119.72,3302.5,417,48.99851632047477,6.6,11.024,False,2011-06-10,en,3538446.0,101.0,0.0
435,MAUDIE,sony pictures classics,91.86,6329.38,6706.0,732,73.00239494883519,7.759,11.683,False,2016-06-16,en,6170998.0,115.0,0.0
436,ME EARL & DYING GIRL,Fox Searchlight,89.37,6576.95,6971.0,744,78.00156652120398,7.562,16.073,False,2015-06-12,en,0.0,105.0,0.0
437,MEEKS CUTOFF,Oscilloscope Picture,51.94,2451.72,2597.0,332,50.0,6.523,7.019,False,2010-09-05,en,876302.0,104.0,0.0
438,MEGAN LEAVEY,BLEECKER STREET,67.29,4446.0,4710.0,512,69.99554168524297,7.3,15.918,False,2017-06-09,en,13406883.0,116.0,0.0
439,MELANCHOLIA,Magnolia,62.6,3074.11,3255.0,409,51.99680511182108,0.0,0.87,False,2021-01-01,tl,0.0,9.0,0.0
440,MEN WOMEN AND CHILDREN,Paramount Pictures,35.13,991.96,1054.0,125,30.00284656988329,6.476,22.075,False,2014-10-17,en,461162.0,116.0,0.0
441,MERU,Music Box Films,68.99,5401.48,5726.5,601,83.00478330192782,6.1,4.809,False,1984-01-26,cn,3554460.0,103.0,0.0
442,MICMACS,SPC,29.38,832.6,881.5,108,30.00340367597005,6.588,12.687,False,2009-10-28,fr,14000000.0,100.0,33000000.0
443,MIDNIGHT IN PARIS,SPC,183.11,63453.22,67203.0,8401,367.0089017530446,6.1,2.02,False,1942-10-14,fr,0.0,90.0,0.0
444,MILES AHEAD,,60.0,2095.62,2220.0,240,37.0,0.0,0.6,False,1986-10-17,en,0.0,0.0,0.0
445,MISS SLOANE,EUROPACORP,59.18,1563.55,1657.0,181,27.99932409597837,7.471,18.539,False,2016-11-25,en,9101546.0,133.0,13000000.0
446,MISS YOU ALREADY,roadside attractions,37.87,1251.67,1325.5,145,35.001320306311065,0.0,0.6,False,,en,0.0,26.0,0.0
447,MISTRESS AMERICA,Fox Searchlight,57.71,3159.77,3347.0,363,57.99688095650667,6.622,9.286,False,2015-08-14,en,2500431.0,84.0,0.0
448,MONEY MONSTER,SONY,88.99,10495.81,11123.5,1198,124.99719069558378,6.446,19.225,False,2016-05-12,en,93282604.0,98.0,27000000.0
449,MONEYBALL,SONY,121.43,7455.04,7893.0,979,65.00041175986165,6.5,0.779,False,2012-01-10,en,0.0,19.0,0.0
450,MONSIEUR LAZHAR,Music Box Films,66.47,3262.15,3523.0,419,53.001353994283136,7.08,6.78,False,2011-09-10,fr,6581915.0,94.0,0.0
451,MONUMENTS MEN,SONY,148.11,18455.51,19847.0,2371,134.00175545202887,0.0,0.6,False,2014-02-10,en,0.0,44.0,0.0
452,MOONLIGHT,Summit Entertainment,105.67,18642.21,19759.5,2114,186.99252389514527,7.3,0.6,False,2019-04-14,ru,0.0,14.0,0.0
453,MOONRISE KINGDOM,Focus Features,201.64,53004.25,57265.0,6590,283.99623090656615,5.974,1.977,False,2012-06-08,en,0.0,5.0,0.0
454,MORNING GLORY,Paramount Pictures,90.53,9235.08,9777.0,1229,107.99734894510107,5.7,0.6,False,2005-01-01,ms,0.0,87.0,0.0
455,MOTHER,Magnolia,36.73,1074.36,1138.5,145,30.996460658861967,5.5,9.335,False,2016-06-18,en,0.0,86.0,0.0
456,MOTHER AND CHILD,SPC,63.39,2276.44,2409.0,306,38.002839564600094,0.0,0.6,False,2017-10-07,en,0.0,89.0,0.0
457,MOTHERS DAY,Open Road,75.14,3189.77,3381.5,363,45.00266169816343,0.0,0.6,False,2015-05-10,en,0.0,0.0,0.0
458,MOZARTS SISTER,Music Box Films,90.63,1285.48,1359.5,175,15.00055169369966,6.5,2.905,False,2010-06-09,fr,0.0,120.0,0.0
459,MR. HOLMES,roadside attractions,135.68,18949.12,20080.0,2176,147.99528301886792,6.468,16.416,False,2015-06-19,en,29355203.0,104.0,11000000.0
460,MR. TURNER,SPC,130.63,7889.99,8360.0,909,63.99755033300161,6.522,10.82,False,2014-10-31,en,5405500.0,150.0,0.0
461,MUCH ADO ABOUT NOTHING,roadside attractions,107.06,6143.15,6638.0,768,62.00261535587521,0.0,1.013,False,2015-09-01,en,0.0,148.0,0.0
462,MUD,,109.04,13827.2,14939.0,1725,137.00476889214966,0.0,0.6,False,2013-11-05,en,0.0,17.0,0.0
463,MUSCLE SHOALS,,110.0,101.75,110.0,12,1.0,7.4,3.934,False,2013-08-16,en,0.0,111.0,0.0
464,MUSIC OF STRANGERS,The Orchard,45.63,2152.89,2281.5,249,50.0,6.9,3.678,False,2016-06-10,en,0.0,96.0,0.0
465,MUSTANG,Cohen Media,54.18,1994.44,2113.0,229,38.99963086009598,0.0,0.6,False,1948-02-20,en,0.0,56.0,0.0
466,MY COUSIN RACHEL,FOX,64.41,3647.12,3864.5,420,59.99844744604875,6.5,4.008,False,1952-12-25,en,0.0,98.0,0.0
467,MY BIG FAT GREEK WEDD 2,Universal Pictures,81.57,6618.07,7015.0,754,85.99975481181808,0.0,0.637,False,,en,0.0,0.0,0.0
468,MY OLD LADY,Cohen Media,119.92,16245.16,17269.0,2086,144.00433622414943,0.0,0.6,False,2009-04-09,ko,0.0,0.0,0.0
469,MY WEEK WITH MARILYN,weinstein,130.47,14296.2,15135.0,1956,116.00367900666821,6.69,15.617,False,2011-11-23,en,35057696.0,99.0,6400000.0
470,NEBRASKA,Paramount Vantage,105.79,10867.15,11743.0,1411,111.00293033367993,6.025,8.585,False,2016-02-14,en,0.0,92.0,1000000.0
471,NEVER LET ME GO,Fox Searchlight,56.61,4064.15,4302.0,545,75.99364069952306,0.0,0.876,False,2020-05-21,en,0.0,6.0,0.0
472,NIGHTCRAWLER,Open Road,71.41,3088.8,3285.0,381,46.001960509732534,0.0,0.6,False,,en,0.0,39.0,0.0
473,NO,SPC,77.73,2949.85,3187.0,374,41.00090055319696,6.0,37.077,False,2022-06-03,es,0.0,90.0,0.0
474,NOAH,Paramount Pictures,83.21,3363.32,3578.0,416,42.999639466410294,0.0,0.6,False,2015-03-04,en,0.0,12.0,0.0
475,NOCTURNAL ANIMALS,Focus Features,69.03,1889.68,2002.0,215,29.001883239171374,7.454,31.748,False,2016-11-04,en,29252978.0,117.0,22500000.0
476,NORMAN,sony pictures classics,87.81,8203.27,8693.5,947,99.00353034961849,4.5,0.6,False,1979-01-01,en,0.0,7.0,0.0
477,NORTHFACE,Music Box Films,65.47,3401.36,3601.0,458,55.00229112570643,,,,,,,,
478,NOW YOU SEE ME - CULTURAL,,675.0,1350.0,1350.0,54,2.0,,,,,,,,
479,NOWHERE BOY,weinstein,43.61,1524.8,1613.5,202,36.998394863563405,5.9,9.986,False,2016-01-01,en,0.0,80.0,0.0
480,OBVIOUS CHILD,A24,87.37,3535.48,3757.0,441,43.001030101865624,7.0,0.691,False,2014-01-17,en,0.0,12.0,0.0
481,OF GODS AND MEN,SPC,99.23,6842.39,7244.0,932,73.00211629547516,5.9,1.708,False,1974-02-13,en,0.0,96.0,0.0
482,ONDINE,Magnolia,81.25,1381.01,1462.5,186,18.0,5.0,0.6,False,1911-01-01,fr,0.0,7.0,0.0
483,ONE DAY,Focus Features,71.22,3634.31,3846.0,492,54.0016849199663,0.0,0.84,False,,en,0.0,0.0,0.0
484,OSCAR SHORTS ANIMATED,,78.54,890.18,942.5,105,12.00025464731347,,,,,,,,
485,OSCAR SHORTS ANIMATED 15,,550.5,519.15,550.5,56,1.0,,,,,,,,
486,OSCAR SHORTS DOC A,,73.11,621.28,658.0,74,9.000136780194229,,,,,,,,
487,OSCAR SHORTS DOC B,,55.73,578.83,613.0,69,10.999461690292483,,,,,,,,
488,OSCAR SHORTS DOCUMENTARY,,361.0,681.17,722.0,74,2.0,8.0,0.6,False,2016-01-28,en,0.0,0.0,0.0
489,OSCAR SHORTS LIVE ACTION,,130.09,1350.57,1431.0,154,11.000076869859328,0.0,0.84,False,2022-02-25,en,0.0,120.0,0.0
490,OUR KIND OF TRAITOR,roadside attractions,91.76,6580.73,6974.0,749,76.00261551874455,6.021,11.985,False,2016-05-05,en,9930095.0,108.0,0.0
491,PAGE ONE,,92.59,3933.95,4166.5,520,44.99945998487957,0.0,0.6,False,2016-10-31,en,0.0,60.0,0.0
492,PALO ALTO,tribeca,31.1,877.32,933.0,108,30.0,5.0,0.6,False,1989-01-01,en,0.0,94.0,0.0
493,PAPA HEMINGWAY IN CUBA,YARI FILM GROUP,100.62,4367.23,4628.5,503,45.99980123235937,5.9,2.713,False,2015-11-19,en,0.0,109.0,0.0
494,PARIS CAN WAIT,sony pictures classics,96.93,10426.87,11050.0,1203,113.99979366553183,5.8,12.57,False,2016-09-12,en,13203541.0,92.0,5000000.0
495,PARKLAND,,160.0,148.0,160.0,18,1.0,1.0,0.6,False,1996-04-03,en,0.0,51.0,0.0
496,PATERSON,BLEECKER STREET,106.78,4332.36,4591.5,491,42.99962539801461,4.8,0.6,False,1902-02-24,en,0.0,3.0,0.0
497,PAWN SACRIFICE,BLEECKER STREET,70.01,3303.91,3500.5,376,49.99999999999999,6.73,11.775,False,2015-09-16,en,5578519.0,115.0,19000000.0
498,PELO MALO,,640.0,602.8,640.0,72,1.0,6.393,5.379,False,2013-09-04,es,0.0,93.0,0.0
499,PERSONAL SHOPPER,IFC,54.04,1886.91,1999.5,219,37.00037009622502,0.0,0.6,False,2019-11-06,en,0.0,14.0,0.0
500,PHILOMENA,weinstein,144.23,31456.47,33894.0,4089,234.99965333148444,7.39,13.376,False,2013-11-01,en,100129872.0,98.0,12000000.0
501,PHOENIX,IFC,105.32,5963.56,6319.0,691,59.99810102544626,0.0,1.194,False,2014-01-11,en,0.0,90.0,100000.0
502,PINA,IFC,71.01,2414.84,2556.5,328,36.00197155330235,0.0,0.6,False,1989-12-19,en,0.0,143.0,0.0
503,PLACE BEYOND THE PINES,Focus Features,97.68,5693.95,6154.0,705,63.001638001638,6.949,17.897,False,2013-03-14,en,35485608.0,140.0,15000000.0
504,PLEASE GIVE,SPC,74.45,9984.41,10572.0,1327,142.00134318334452,0.0,0.6,False,1997-12-31,zh,0.0,35.0,0.0
505,POINT BLANK,Magnolia,59.21,2796.32,2960.5,375,50.0,6.953,11.462,False,1997-04-11,en,31070412.0,107.0,15000000.0
506,POLINA,Oscilloscope Picture,49.67,1546.51,1639.0,177,32.99778538353131,0.0,0.6,False,2018-12-02,ru,0.0,0.0,0.0
507,POTICHE,Music Box Films,88.42,3841.24,4067.5,516,46.002035738520696,7.3,0.6,False,1983-12-21,fr,0.0,136.0,0.0
508,PRISONERS,WARNER BROS.,67.29,3862.1,4172.0,490,62.000297220983796,0.0,0.84,False,1989-01-23,en,0.0,92.0,0.0
509,PROMISED LAND,Focus Features,110.08,5304.45,5724.0,684,51.99854651162791,0.0,0.6,False,,en,0.0,95.0,0.0
510,QUARTET,weinstein,154.92,36706.5,39660.0,4824,256.003098373354,0.0,0.6,False,2017-09-28,en,0.0,90.0,0.0
511,QUEEN OF KATWE,Disney,93.01,4564.67,4836.5,522,51.99978496935813,7.3,15.466,False,2016-09-23,en,10367161.0,124.0,15000000.0
512,RACE TO NOWHERE,,621.5,2344.85,2486.0,267,4.0,7.0,0.6,False,2009-12-31,en,0.0,85.0,0.0
513,RAILWAYMAN,weinstein,117.92,8321.16,8844.0,1069,75.0,6.0,0.6,False,1953-01-01,pl,0.0,22.0,0.0
514,RAMPART,Millenium Entertainment,50.16,1159.95,1254.0,145,25.0,0.0,0.6,False,1984-01-01,en,0.0,28.0,0.0
515,REBEL IN THE RYE,IFC,53.78,1471.54,1559.5,169,28.997768687244328,6.661,14.64,False,2017-09-15,en,944370.0,106.0,0.0
516,RED 2,Lions Gate,95.62,4602.1,4972.0,581,51.99749006483999,5.666,53.181,False,2012-03-15,en,44806783.0,93.0,65000000.0
517,RELUCTANT FUNDAMENT,,524.0,484.7,524.0,60,1.0,6.628,12.424,False,2013-04-24,en,519535.0,130.0,0.0
518,REMEMBER,A24,62.3,4351.37,4610.0,509,73.99678972712681,0.0,1.118,False,2020-08-27,en,0.0,3.0,0.0
519,RENOIR,,118.58,3952.2,4269.0,522,36.00101197503795,0.0,0.6,False,2017-11-27,xx,0.0,1.0,0.0
520,RICKI AND THE FLASH,SONY,111.43,10515.16,11143.0,1205,100.0,5.805,12.105,False,2015-07-10,en,41325328.0,100.0,18000000.0
521,ROBOT AND FRANK,IDP,112.16,8205.8,8861.0,1050,79.00320970042796,6.953,8.212,False,2012-08-16,en,3325038.0,85.0,2500000.0
522,ROOM,A24,82.98,9787.86,10372.5,1122,125.0,6.057,9.139,False,2012-08-04,en,1081.0,87.0,0.0
523,ROSEWATER,Open Road,86.52,4966.72,5278.0,630,61.003236245954696,6.6,6.693,False,2014-11-07,en,0.0,103.0,0.0
524,RUSH,Universal Pictures,50.39,2985.0,3225.0,370,64.0007938082953,8.3,2.299,False,2019-12-25,en,0.0,120.0,0.0
525,RUST AND BONE,SPC,59.85,1889.5,2035.0,250,34.001670843776104,10.0,1.124,False,2012-11-07,fr,0.0,60.0,0.0
526,SACRED SCIENCE,,3700.0,3700.0,3700.0,148,1.0,5.5,1.966,False,2011-05-26,en,0.0,77.0,0.0
527,SAFETY NOT GUARANTEED,Film District,114.77,5102.2,5509.0,639,48.000348523133226,6.817,15.355,False,2012-06-08,en,4424699.0,86.0,750000.0
528,SALINGER,weinstein,67.81,1946.6,2102.0,252,30.998377820380473,6.3,4.613,False,2016-10-13,en,0.0,97.0,0.0
529,SALMON FISHING IN YEMEN,CBS,105.83,17345.1,18732.0,2199,177.00085042048568,6.396,12.288,False,2012-03-09,en,34564651.0,107.0,0.0
530,SARAHS KEY,weinstein,161.18,21772.93,23048.5,2986,142.99851098151134,7.3,14.269,False,2010-09-16,fr,17511906.0,111.0,10000000.0
531,SAVING MR. BANKS,Disney,179.06,19887.85,21487.0,2581,119.9988830559589,7.357,19.408,False,2013-11-29,en,112544580.0,125.0,35000000.0
532,SCATTER MY ASHES,E1,297.5,550.75,595.0,67,2.0,5.8,0.6,False,2013-05-03,en,0.0,93.0,0.0
533,SEARCHING FOR SUGAR MAN,SPC,41.11,1065.05,1151.0,130,27.9980540014595,7.86,8.967,False,2012-06-30,en,3696196.0,85.0,1000000.0
534,SECOND BEST EXOTIC MARIGO,FOX,127.48,18885.14,20015.0,2170,157.00502039535613,6.4,13.884,False,2015-02-26,en,85978266.0,122.0,10000000.0
535,SECRET LIFE OF WALTER MIT,FOX,111.58,7126.45,7699.0,912,68.99982075640796,6.8,8.943,False,1947-09-01,en,0.0,110.0,0.0
536,SEEKING A FRIEND,Focus Features,99.12,3856.4,4163.0,479,41.99959644874899,6.553,16.101,False,2012-06-22,en,9636289.0,101.0,10000000.0
537,SELMA,Paramount Pictures,128.29,8233.23,8724.0,947,68.0021825551485,4.0,0.6,False,2020-12-19,de,0.0,53.0,0.0
538,SENNA,Abramowitz,52.92,1250.08,1323.0,167,25.0,0.0,0.6,False,2017-08-02,ar,0.0,0.0,0.0
539,SEX AND THE CITY 2,WARNER BROS.,96.23,7364.15,7795.0,959,81.0038449547958,6.0,1.652,False,2011-01-01,en,5000.0,78.0,5000.0
540,SHORT TERM 12,,149.0,275.65,298.0,32,2.0,7.0,2.75,False,2014-01-14,en,0.0,22.0,0.0
541,SICARIO,Lions Gate,58.16,4775.12,5060.0,534,87.00137551581844,4.8,4.831,False,2016-01-05,en,0.0,102.0,0.0
542,SIDE EFFECTS,,99.13,7072.15,7633.0,906,76.99989912236458,6.926,7.545,False,2008-05-30,en,308575.0,105.0,0.0
543,SILVER LININGS PLAYBOOK,weinstein,172.91,41766.25,45130.0,5278,261.0028338441964,7.124,32.087,False,2012-11-16,en,236412453.0,122.0,21000000.0
544,SING STREET,weinstein,79.55,3528.91,3739.0,403,47.001885606536774,5.8,1.53,False,1989-01-27,en,0.0,95.0,0.0
545,SLEEPWALK WITH ME,IFC,36.0,1333.5,1440.0,170,40.0,6.614,7.02,False,2012-08-24,en,0.0,81.0,0.0
546,SNOWDEN,Open Road,85.93,4134.94,4382.5,468,51.00081461654835,0.0,0.6,False,2013-06-09,en,0.0,13.0,0.0
547,SNOWFLOWER AND THE SECRET,Fox Searchlight,108.49,6250.48,6618.0,861,61.00101391833349,,,,,,,,
548,SOLD,FILMFEST 52,868.25,1638.01,1736.5,172,2.0,0.0,0.6,False,1988-01-01,en,0.0,76.0,0.0
549,SOLITARY MAN,anchor bay films,96.41,8197.06,8676.5,1099,89.99585105279536,0.0,0.6,False,2015-09-17,zh,0.0,0.0,0.0
550,SON OF SAUL,sony pictures classics,53.99,3213.31,3401.5,377,63.00240785330617,7.149,11.254,False,2015-06-11,hu,1777043.0,107.0,1000000.0
551,SONG TO SONG,Broadgreen Pictures,36.23,684.21,724.5,79,19.99723985647254,5.1,1.4,False,2005-02-18,ko,6562975.0,120.0,0.0
552,SOUND OF MY VOICE,Fox Searchlight,44.77,1077.45,1164.0,138,25.999553272280544,0.0,0.6,False,2014-01-01,en,0.0,8.0,0.0
553,SOUTHPAW,weinstein,63.13,3096.95,3282.5,344,51.995881514335494,0.0,0.84,False,2019-07-07,ja,0.0,2.0,0.0
554,SPECTACULAR NOW,A24,88.81,6821.55,7371.0,852,82.99741020155388,6.642,24.164,False,2013-08-02,en,6854611.0,95.0,2500000.0
555,SPOTLIGHT,Open Road,175.32,27129.61,28753.0,3078,164.0029660050194,0.0,0.6,False,,en,0.0,18.0,0.0
556,ST. VINCENT,weinstein,117.81,16731.6,17790.0,2119,151.00585688820982,6.1,8.758,False,2021-09-16,en,0.0,92.0,0.0
557,STARBUCK,E1,52.2,1210.5,1305.0,155,25.0,0.0,0.6,False,2006-10-16,en,0.0,15.0,0.0
558,STEVE JOBS,Universal Pictures,82.1,3562.66,3776.5,407,45.998781973203414,8.5,0.6,False,2021-02-06,ru,0.0,69.0,0.0
559,STILL ALICE,sony pictures classics,115.94,16740.56,17739.5,1929,153.0058651026393,0.0,0.847,False,2016-05-31,en,0.0,27.0,0.0
560,STILL MINE,IDP,96.0,3287.1,3552.0,431,37.0,0.0,1.247,False,1988-08-04,tl,0.0,119.0,0.0
561,STOKER,Fox Searchlight,59.86,1997.5,2155.0,256,36.00066822586034,4.1,2.95,False,1999-06-22,en,0.0,86.0,0.0
562,STRONGER,roadside attractions,62.09,3867.87,4098.0,444,66.00096633918506,0.0,0.6,False,1989-01-01,en,0.0,29.0,0.0
563,SUFFRAGETTE,Focus Features,121.82,7818.79,8284.0,908,68.00197011984896,10.0,0.6,False,2012-03-07,fr,0.0,0.0,0.0
564,SULLY,WARNER BROS.,161.0,19140.16,20285.5,2186,125.9968944099379,0.0,0.601,False,2011-04-06,en,0.0,66.0,0.0
565,TAKE SHELTER,SPC,51.13,2027.8,2147.5,265,42.000782319577546,7.0,0.6,False,2014-01-01,en,0.0,83.0,0.0
566,TESTAMENT OF YOUTH,,98.89,7277.78,7713.5,840,78.00080897967439,7.334,8.637,False,2014-10-14,en,1822250.0,129.0,0.0
567,THANKS FOR SHARING,roadside attractions,44.3,1353.85,1462.0,171,33.00225733634312,0.0,0.0,False,2018-10-30,en,0.0,0.0,0.0
568,THE AMERICAN,Focus Features,126.42,9081.27,9608.0,1215,76.00063281126404,5.6,1.846,False,1971-04-01,en,0.0,90.0,0.0
569,THE ART OF THE STEAL,IFC,114.84,4481.56,4593.5,359,39.999129223267154,6.9,3.271,False,2010-02-26,en,0.0,101.0,0.0
570,THE ARTIST,weinstein,157.72,45837.01,48734.5,6131,308.99378645701245,2.0,0.6,False,2007-01-01,en,0.0,40.0,0.0
571,THE ATTACK,Cohen Media,111.15,6280.5,6780.0,815,60.99865047233468,0.0,0.6,False,2008-11-11,en,0.0,0.0,0.0
572,THE BIG SHORT,Paramount Pictures,192.34,28671.89,30390.5,3242,158.00405531870646,7.329,40.501,False,2015-12-11,en,133346506.0,131.0,28000000.0
573,THE BIG SICK,Lions Gate,127.82,25564.33,27097.0,2871,211.9934282584885,7.356,16.188,False,2017-03-30,en,56303596.0,120.0,5000000.0
574,THE BIG UNEASY,,23.35,663.32,700.5,91,29.999999999999996,6.8,0.6,False,2010-08-30,en,0.0,0.0,0.0
575,THE BIG WEDDING,Lions Gate,82.24,3810.35,4112.0,486,50.0,5.903,12.504,False,2013-04-25,en,21819348.0,90.0,35000000.0
576,THE BOOK OF HENRY,Focus Features,52.09,1917.32,2031.5,221,38.99980802457285,7.54,18.752,False,2017-06-16,en,4596705.0,105.0,10000000.0
577,THE BOOK THIEF,,124.12,8387.8,9061.0,1080,73.00193361263294,7.489,21.921,False,2013-11-08,en,76586316.0,131.0,0.0
578,THE CIRCLE,STX,42.22,1992.26,2111.0,228,50.0,0.0,0.6,False,,en,0.0,47.0,0.0
579,THE COMPANY YOU KEEP,SPC,72.61,2962.5,3195.0,385,44.002203553229585,0.0,1.4,False,2017-10-21,es,0.0,86.0,0.0
580,THE CONSPIRATOR,freestyle releasing,110.04,8624.15,9133.0,1140,82.9970919665576,10.0,0.6,False,2015-06-20,fr,0.0,0.0,0.0
581,THE DANISH GIRL,Focus Features,121.51,8943.37,9478.0,1036,78.00181055057196,7.62,25.815,False,2015-01-01,en,64191523.0,119.0,15000000.0
582,THE DEBT,Focus Features,121.78,17601.55,18632.0,2348,152.99720808014453,0.0,0.6,False,2021-02-01,es,0.0,15.0,0.0
583,THE DINNER,,66.3,2564.45,2718.5,293,41.003016591251885,6.375,5.532,False,2014-09-05,it,0.0,90.0,0.0
584,THE DISAPPEARANCE OF ELEA,weinstein,50.4,1423.68,1512.0,182,30.0,6.7,9.235,False,2014-10-10,en,0.0,89.0,0.0
585,THE DRESSMAKER,Broadgreen Pictures,127.13,3360.96,3559.5,393,27.998898765043656,6.7,0.6,False,1956-04-13,fr,0.0,95.0,0.0
586,THE DROP,Fox Searchlight,80.97,5406.16,5749.0,667,71.00160553291343,0.0,0.807,False,2014-06-01,en,0.0,21.0,0.0
587,THE EAST,Fox Searchlight,73.91,4792.7,5174.0,614,70.00405899066432,0.0,0.6,False,1924-01-27,en,0.0,60.0,0.0
588,THE END OF THE TOUR,A24,83.28,4400.1,4663.5,493,55.997838616714695,0.0,0.6,False,1917-01-29,en,0.0,50.0,0.0
589,THE EXTRA MAN,Magnolia,73.67,2086.48,2210.0,280,29.998642595357676,0.0,0.6,False,1916-02-04,en,0.0,23.0,0.0
590,THE FIFTH ESTATE,Disney,40.34,1195.3,1291.0,156,32.00297471492315,6.032,12.817,False,2013-10-11,en,8555008.0,128.0,28000000.0
591,THE FIGHTER,Paramount Pictures,119.62,10620.44,11244.0,1405,93.99765925430529,0.0,2.314,False,2010-12-04,en,0.0,0.0,0.0
592,THE GHOST WRITER,Summit Entertainment,171.8,19955.58,21132.0,2654,123.0034924330617,6.0,0.6,False,2020-03-06,pt,0.0,14.0,0.0
593,THE GIRL ON THE TRAIN,Universal Pictures,116.74,13546.26,14359.5,1530,123.00411170121639,5.927,5.92,False,2009-03-18,fr,0.0,105.0,0.0
594,THE GIRL WITH DRAGON TATT,SONY,170.17,12531.46,13273.0,1668,77.99847211611917,0.0,0.84,False,,en,0.0,0.0,0.0
595,THE GLASS CASTLE,Lions Gate,88.47,6595.69,6989.5,753,79.0041822086583,5.2,2.02,False,1950-12-16,fr,0.0,99.0,0.0
596,THE GREAT GATSBY,WARNER BROS.,179.2,15592.5,16845.0,1962,94.00111607142858,0.0,0.6,False,2011-01-01,en,0.0,11.0,0.0
597,THE GUARD,SPC,90.41,13490.42,14285.0,1797,158.0024333591417,7.0,1.181,False,2019-11-08,bn,0.0,85.0,0.0
598,THE HANDMAIDEN,Magnolia,81.12,3598.39,3812.5,416,46.9982741617357,0.0,0.6,False,1978-04-10,en,0.0,0.0,0.0
599,THE HELP,Dreamworks,190.85,43252.64,45803.5,5797,239.99738014147238,0.0,1.142,False,2019-04-05,en,0.0,11.0,0.0
600,THE HERO,The Orchard,81.05,6655.47,7051.5,767,87.00185070943863,6.2,1.148,False,1988-03-27,en,0.0,100.0,0.0
601,THE HIJACKING,Cohen Media,55.92,1966.0,2125.0,254,38.00071530758226,0.0,0.6,False,2011-01-01,en,0.0,0.0,0.0
602,THE HOLLARS,sony pictures classics,60.65,3605.93,3821.0,410,63.000824402308325,6.318,10.852,False,2016-08-25,en,1016985.0,88.0,3800000.0
603,THE HOMESMAN,roadside attractions,89.31,3528.64,3751.0,454,41.99977606091143,6.579,13.786,False,2014-05-18,en,3442853.0,122.0,16000000.0
604,THE HUNDRED-FOOT JOURNEY,Disney,216.15,28866.16,30694.0,3623,142.0032384917881,7.314,13.744,False,2014-08-06,en,88880821.0,122.0,22000000.0
605,THE HUNT,,101.0,93.8,101.0,12,1.0,5.9,2.045,False,2009-05-03,ko,0.0,39.0,5000.0
606,THE IDES OF MARCH,SONY,132.51,12893.98,13649.0,1725,103.0035469021206,0.0,0.6,False,2008-04-25,en,0.0,65.0,0.0
607,THE IMMIGRANT,weinstein,75.58,4052.52,4308.0,526,56.999206139190264,6.0,1.4,False,1985-05-03,cn,0.0,98.0,0.0
608,THE IMPOSTER,independent pictures,117.93,4368.1,4717.0,556,39.998304078690744,0.0,0.6,False,2012-04-02,en,0.0,122.0,0.0
609,THE INNOCENTS,Music Box Films,84.0,3171.93,3360.0,370,40.0,0.0,0.6,False,2020-08-08,pt,0.0,0.0,0.0
610,THE INTERN,WARNER BROS.,154.31,16453.98,17437.5,1875,113.00304581686215,6.0,0.72,False,2019-05-23,fr,0.0,0.0,0.0
611,THE IRON LADY,weinstein,153.52,26150.47,27786.5,3542,180.99596143824908,4.0,1.492,False,2007-03-08,en,0.0,0.0,0.0
612,THE JUDGE,WARNER BROS.,136.37,8595.68,9137.0,1094,67.00153992813668,0.0,0.6,False,1991-01-01,en,0.0,46.0,0.0
613,THE KIDS ARE ALL RIGHT,Focus Features,223.79,25360.83,26854.5,3359,119.99865945752715,6.585,13.482,False,2010-07-09,en,34705850.0,106.0,3500000.0
614,THE KINGS SPEECH,weinstein,227.03,66666.29,70605.0,8916,310.99414174338193,8.0,1.86,False,2011-02-23,en,0.0,50.0,0.0
615,THE LAST STATION,SPC,135.89,13987.91,14811.5,1916,108.99624696445656,0.0,0.6,False,1965-12-26,ur,0.0,0.0,0.0
616,THE LAST WORD,BLEECKER STREET,71.4,6133.6,6497.5,712,91.00140056022408,0.0,1.093,False,2010-10-05,zh,0.0,93.0,0.0
617,THE LIGHTKEEPERS,New Films International,76.95,3563.88,3770.5,492,48.9993502274204,0.0,0.6,False,2018-01-01,en,0.0,17.0,0.0
618,THE LOBSTER,A24,93.91,8148.94,8639.5,909,91.9976573314876,0.0,0.6,False,2016-06-01,en,0.0,15.0,0.0
619,THE LOST CITY OF Z,BLEECKER STREET,91.7,9516.34,10087.0,1080,110.0,0.0,0.6,False,1935-02-01,en,0.0,116.0,0.0
620,THE LOVELY BONES,Paramount Pictures,94.53,4372.51,4632.0,572,49.00031735956839,7.045,50.769,False,2009-02-19,en,93621340.0,136.0,65000000.0
621,THE LOVERS,A24,70.57,4595.06,4869.5,528,69.00240895564689,0.0,0.6,False,1968-02-14,en,0.0,102.0,0.0
622,THE LUNCHBOX,SPC,108.46,7753.52,8243.0,983,76.00036879955745,0.0,0.6,False,,en,0.0,10.0,0.0
623,THE MAN WHO IS TOO TALL,IFC,88.5,164.1,177.0,19,2.0,,,,,,,,
624,THE MAN WHO KNEW INFINITY,IFC,127.78,7596.07,8050.0,870,62.99890436688057,7.189,16.045,False,2016-04-08,en,11472454.0,108.0,0.0
625,THE MASTER,weinstein,116.42,11422.0,12340.0,1441,105.99553341350283,0.0,1.4,False,1911-05-15,en,0.0,10.0,0.0
626,THE MEDDLER,sony pictures classics,89.39,5904.71,6257.0,681,69.99664391990156,8.0,1.211,False,1965-07-24,en,0.0,100.0,0.0
627,THE MORTON DOWNEY JR MOVI,,148.0,137.65,148.0,17,1.0,6.1,2.408,False,2013-06-07,en,0.0,87.0,300000.0
628,THE ORANGES,ATO Pictures,87.84,2034.3,2196.0,264,25.0,3.667,1.41,False,2019-05-30,de,0.0,89.0,0.0
629,THE OTHER SON,Cohen Media,84.77,2040.95,2204.0,269,25.999764067476704,0.0,0.677,False,2009-10-10,en,0.0,120.0,0.0
630,THE PAST,SPC,80.28,2378.53,2569.0,308,32.00049825610364,0.0,1.4,False,2022-12-01,en,0.0,9.0,0.0
631,THE RAID,SPC,25.73,619.2,669.0,77,26.000777302759424,0.0,0.6,False,1938-03-04,en,0.0,18.0,0.0
632,THE REVENANT,FOX,116.1,9748.96,10333.0,1099,89.00086132644273,0.0,0.6,False,2011-01-06,de,0.0,92.0,0.0
633,THE ROVER,A24,20.46,712.48,757.0,86,36.99902248289345,0.0,0.6,False,1933-05-31,hu,0.0,74.0,0.0
634,THE RUM DIARY,Film District,54.25,2152.94,2278.5,282,42.0,5.886,13.866,False,2011-10-13,en,24000000.0,120.0,45000000.0
635,THE SALESMAN,Cohen Media,83.69,4106.96,4352.0,473,52.001433863066076,0.0,0.961,False,1921-06-05,en,0.0,0.0,0.0
636,THE SAPPHIRES,weinstein,80.96,3747.4,4048.0,487,50.00000000000001,6.835,9.853,False,2012-08-08,en,0.0,103.0,0.0
637,THE SECRET IN THEIR EYES,SPC,105.98,6204.76,6571.0,832,62.0022645782223,7.996,17.735,False,2009-08-13,es,33965843.0,130.0,2000000.0
638,THE SENSE OF AN ENDING,CBS,75.55,4137.08,4382.0,483,58.00132362673726,6.301,10.032,False,2017-03-10,en,5081495.0,108.0,0.0
639,THE SESSIONS,Fox Searchlight,101.03,9633.8,10406.0,1234,102.99910917549242,0.0,0.6,False,2017-09-28,en,0.0,61.0,0.0
640,THE SKELETON TWINS,roadside attractions,86.37,5441.88,5787.0,667,67.00243139979159,6.7,10.873,False,2014-06-05,en,5284309.0,90.0,0.0
641,THE THEORY OF EVERYTHING,Focus Features,153.28,18610.69,19772.5,2297,128.99595511482255,0.0,0.804,False,,de,0.0,0.0,0.0
642,THE TOWN,WARNER BROS.,119.67,9717.8,10291.5,1253,85.99899724241665,6.0,1.304,False,1943-12-31,en,0.0,90.0,0.0
643,THE TRIP,IFC,116.61,3523.18,3731.5,470,31.9998284881228,0.0,0.6,False,2022-02-27,en,0.0,2.0,0.0
644,THE TRIP TO SPAIN,IFC,37.08,2975.06,3152.0,343,85.00539374325783,6.584,7.193,False,2017-08-24,en,0.0,115.0,0.0
645,THE VINTNERS LUCK,,716.5,675.97,716.5,82,1.0,4.4,5.891,False,2009-09-01,en,0.0,121.0,0.0
646,THE WAY,,120.9,4683.08,4957.0,629,41.00082712985939,6.889,6.785,False,2018-12-01,en,0.0,90.0,0.0
647,THE WAY WAY BACK,Fox Searchlight,112.51,18222.45,19689.0,2276,174.9977779752911,7.13,18.854,False,2013-06-06,en,23198652.0,103.0,4600000.0
648,THE WEDDING PLAN,roadside attractions,91.56,4063.5,4303.5,472,47.00196592398427,6.8,22.966,False,2020-02-14,es,3069303.0,110.0,0.0
649,THE WHITE RIBBON,SPC,93.57,2561.47,2713.5,348,28.999679384418084,0.0,0.6,False,2004-06-08,zh,0.0,36.0,0.0
650,THE WOLF OF WALL STREEET,Paramount Pictures,188.76,11528.9,12458.0,1462,65.99915236278873,,,,,,,,
651,THE WORDS,CBS,67.46,3125.65,3373.0,397,50.00000000000001,1.0,0.6,False,1938-01-28,en,0.0,8.0,0.0
652,THE WRECKING CREW,Magnolia,914.75,1725.85,1829.5,186,2.0,0.0,0.6,False,2021-09-19,en,0.0,48.0,0.0
653,THE YELLOW HANDKERCHIEF,,94.89,1254.6,1328.5,167,14.000421540731374,7.5,1.4,False,2011-10-10,ja,0.0,112.0,0.0
654,THE YOUNG VICTORIA,apparition,162.96,7695.75,8148.0,1070,50.0,7.238,14.098,False,2009-03-04,en,29196409.0,105.0,35000000.0
655,THE ZOOKEEPERS WIFE,Focus Features,141.97,12459.45,13203.0,1432,92.99852081425654,7.389,20.213,False,2017-03-24,en,26152835.0,126.0,20000000.0
656,THEIR FINEST,STX,132.57,5256.36,5568.0,613,42.000452591083956,0.0,0.6,False,,en,0.0,39.0,0.0
657,THERE BE DRAGONS,IDP,74.73,2328.43,2466.0,318,32.99879566439181,0.0,0.6,False,2019-01-01,en,0.0,4.0,0.0
658,THIN ICE,IDP,88.52,5464.33,5842.0,721,65.99638499774062,0.0,0.6,False,,sv,0.0,23.0,0.0
659,THIRD PERSON,SPC,60.06,2937.72,3123.0,372,51.998001998001996,5.8,1.081,False,2009-12-11,bn,0.0,124.0,0.0
660,TIMBUKTU,,60.11,3459.34,3667.0,394,61.00482448843786,0.0,0.6,False,2009-09-16,de,0.0,43.0,0.0
661,TIMS VERMEER,SPC,82.7,3890.2,4135.0,497,50.0,7.252,7.195,False,2013-12-06,en,0.0,80.0,0.0
662,TINKER TAILOR SOLDIER SPY,Focus Features,205.77,13211.51,13992.5,1748,68.00068037128833,6.632,16.751,False,2011-09-16,en,80630608.0,127.0,30000000.0
663,TO ROME WITH LOVE,SPC,188.3,28077.55,30316.0,3597,160.9984067976633,3.0,0.84,False,2010-04-13,it,0.0,0.0,0.0
664,TRACKS,weinstein,55.86,1892.44,2011.0,243,36.000716075904045,0.0,1.12,False,2018-03-14,en,0.0,78.0,75000.0
665,TRAINSPOTTING 2,sony pictures classics,37.45,1167.33,1236.0,129,33.004005340453936,6.2,2.878,False,1996-04-05,en,0.0,108.0,1850000.0
666,TRANCE,Fox Searchlight,46.56,2069.25,2235.0,266,48.00257731958763,8.0,0.6,False,2004-01-27,en,0.0,73.0,0.0
667,TREE OF LIFE,Fox Searchlight,98.08,15097.16,15987.0,1981,162.99959216965743,0.0,0.6,False,1968-06-12,tl,0.0,85.0,0.0
668,TROUBLE WITH THE CURVE,WARNER BROS.,78.45,12997.1,14042.0,1641,178.99298916507328,6.931,27.356,False,2012-09-21,en,0.0,111.0,0.0
669,TRUE GRIT,Paramount Pictures,132.74,25189.95,26680.5,3350,200.99819195419616,7.0,0.662,False,1988-12-26,en,0.0,173.0,0.0
670,TRUE STORY,Fox Searchlight,47.76,2253.12,2388.0,253,50.0,8.474,3.895,False,2011-03-13,en,0.0,180.0,0.0
671,TRUMBO,BLEECKER STREET,114.43,10258.41,10870.5,1176,94.99694136153106,0.0,0.805,False,2006-09-22,en,0.0,0.0,0.0
672,TRUTH,sony pictures classics,61.03,1153.48,1220.5,135,19.998361461576273,6.189,6.905,False,1997-05-02,en,134831.0,106.0,0.0
673,TULIP FEVER,weinstein,43.86,2814.32,2982.5,323,68.00045599635203,6.552,23.612,False,2017-07-13,en,3425664.0,107.0,25000000.0
674,TWENTY FEET FROM STARDOM,weinstein,102.71,8649.35,9347.0,1104,91.0037970986272,7.355,7.282,False,2013-06-14,en,5892466.0,89.0,1000000.0
675,TWO DAYS ONE NIGHT,,76.37,3821.72,4047.5,452,52.9985596438392,6.903,11.924,False,2014-05-21,fr,6860853.0,95.0,7000000.0
676,UN PROPHET,SPC,57.07,1994.0,2111.5,272,36.99842298931137,7.598,12.141,False,2009-08-26,fr,17873691.0,155.0,13000000.0
677,UNBROKEN,Universal Pictures,160.69,8309.52,8838.0,1047,55.000311158130565,0.0,0.808,False,2005-05-22,en,0.0,60.0,0.0
678,UNFINISHED SONG,weinstein,118.28,6572.6,7097.0,864,60.00169090294217,6.8,6.978,False,2012-09-15,en,1697294.0,93.0,0.0
679,UNITED KINGDOM,FOX,116.82,7937.21,8411.0,912,71.99965759287794,0.0,1.442,False,2009-06-20,en,0.0,0.0,0.0
680,UP IN THE AIR,Paramount Pictures,155.67,20868.22,22104.5,2789,141.99588873899918,10.0,0.6,False,2011-07-07,es,0.0,34.0,5000.0
681,VALENTINES DAY,WARNER BROS.,113.92,5806.99,6151.5,753,53.998419943820224,0.0,1.86,False,2022-02-14,en,0.0,62.0,0.0
682,VIVA CUBA LIBRE: RAP IS W,FILMFEST 52,118.25,223.6,236.5,25,2.0,7.0,0.6,False,2013-03-02,en,0.0,78.0,0.0
683,WADJDA,SPC,321.0,297.3,321.0,36,1.0,7.267,9.663,False,2012-08-31,ar,1347747.0,98.0,0.0
684,WAITING FOR SUPERMAN,Paramount Vantage,105.61,5085.88,5386.0,686,50.99895843196667,0.0,0.6,False,2011-05-01,en,0.0,0.0,0.0
685,WALKING WITH THE ENEMY,liberty,74.34,2238.36,2379.0,291,32.00161420500403,6.491,8.201,False,2014-04-25,en,0.0,124.0,0.0
686,WALL STREET 2,FOX,112.85,6927.35,7335.0,925,64.99778466991582,2.7,1.996,False,2014-07-20,en,0.0,90.0,0.0
687,WAR OF THE BUTTONS,weinstein,34.8,483.6,522.0,66,15.000000000000002,6.009,6.851,False,2011-09-12,fr,12000000.0,109.0,0.0
688,WATER FOR ELEPHANTS,Fox Searchlight,130.4,16008.71,16952.0,2118,130.0,6.953,12.656,False,2011-04-15,en,117094902.0,122.0,38000000.0
689,WE HAVE A POPE,IFC,77.37,2724.0,2940.0,355,37.99922450562233,6.8,7.408,False,2011-04-15,it,0.0,100.0,11000000.0
690,WE NEED TO TALK ABOUT KEV,Oscilloscope Picture,90.93,3535.2,3819.0,452,41.99934015176509,7.561,19.337,False,2011-09-28,en,10765283.0,113.0,7000000.0
691,WE STEAL SECRETS,Focus Features,43.35,1042.85,1127.0,131,25.997693194925027,6.581,7.228,False,2013-05-24,en,602042.0,127.0,0.0
692,WEINER,sundance select,52.82,2044.93,2165.5,240,40.99772813328285,0.0,0.6,False,1975-08-04,de,0.0,34.0,0.0
693,WHAT MAISIE KNEW,,580.0,536.5,580.0,66,1.0,0.0,0.6,False,1995-12-22,fr,0.0,90.0,0.0
694,WHERE TO INVADE NEXT?,,96.5,4553.32,4825.0,522,50.0,7.28,9.207,False,2015-12-23,en,3820195.0,121.0,0.0
695,WHILE WERE YOUNG,A24,71.05,3352.64,3552.5,380,50.0,5.9,14.555,False,2015-04-03,en,17287309.0,97.0,10000000.0
696,WHIPLASH,Fox Searchlight,111.37,19509.35,20715.5,2308,186.00610577354763,0.0,0.6,False,2008-09-20,en,0.0,5.0,0.0
697,WILD,Fox Searchlight,132.1,17401.9,18494.5,2161,140.00378501135503,6.1,38.944,False,2020-09-08,en,0.0,85.0,0.0
698,WILSON,FOX,30.33,945.29,1001.0,109,33.003626772172765,6.4,0.6,False,2006-04-06,en,0.0,105.0,0.0
699,WIN WIN,Fox Searchlight,134.52,9528.28,10089.0,1259,75.0,0.0,0.6,False,1983-06-11,ko,0.0,88.0,0.0
700,WIND RIVER,weinstein,65.33,12697.18,13457.5,1445,205.99265268636157,6.5,0.6,False,2011-01-07,ja,0.0,25.0,0.0
701,WINTERS BONE,,110.23,16447.28,17416.0,2207,157.99691554023406,4.0,0.6,False,2010-10-26,en,0.0,47.0,0.0
702,WOMAN IN GOLD,weinstein,130.22,22362.85,23699.5,2556,181.99585317155584,10.0,0.6,False,2015-11-18,en,0.0,0.0,0.0
703,WORDS AND PICTURES,roadside attractions,86.42,4307.6,4580.0,548,52.996991437167324,6.5,8.824,False,2014-05-22,en,3346257.0,111.0,0.0
704,YOU WILL BE MY SON,,166.0,153.55,166.0,19,1.0,6.3,2.916,False,2011-08-23,fr,0.0,102.0,0.0
705,YOU WILL MEET A TALL DARK,SPC,82.3,3887.68,4115.0,530,50.0,5.909,9.219,False,2010-05-23,en,0.0,98.0,22000000.0
706,YOUNG ADULT,Paramount Pictures,97.54,8198.82,8681.5,1102,89.00451096985852,0.0,0.6,False,2015-09-02,en,0.0,10.0,0.0
707,YOUR SISTERS SISTER,IFC,82.13,4567.4,4928.0,593,60.002435163764765,6.493,7.704,False,2011-09-11,en,3242802.0,90.0,125000.0
708,ZERO DARK THIRTY,,126.77,10096.35,10902.0,1278,85.9982645736373,6.973,18.63,False,2012-12-19,en,132820716.0,157.0,40000000.0
